Jahr,Straftat,Geschlecht,Altersgruppe,Anzahl
2025,Tötungsdelikte vollendet (Art. 111-113/116),männlich,<10,3
2025,Tötungsdelikte vollendet (Art. 111-113/116),weiblich,<10,1
2025,Tötungsdelikte vollendet (Art. 111-113/116),männlich,10-14,1
2025,Tötungsdelikte vollendet (Art. 111-113/116),weiblich,10-14,1
2025,Tötungsdelikte vollendet (Art. 111-113/116),männlich,15-17,0
2025,Tötungsdelikte vollendet (Art. 111-113/116),weiblich,15-17,0
2025,Tötungsdelikte versucht (Art. 111-113/116),männlich,<10,0
2025,Tötungsdelikte versucht (Art. 111-113/116),weiblich,<10,0
2025,Tötungsdelikte versucht (Art. 111-113/116),männlich,10-14,1
2025,Tötungsdelikte versucht (Art. 111-113/116),weiblich,10-14,1
2025,Tötungsdelikte versucht (Art. 111-113/116),männlich,15-17,0
2025,Tötungsdelikte versucht (Art. 111-113/116),weiblich,15-17,0
2025,Schwere Körperverletzung (Art. 122),männlich,<10,6
2025,Schwere Körperverletzung (Art. 122),weiblich,<10,3
2025,Schwere Körperverletzung (Art. 122),männlich,10-14,3
2025,Schwere Körperverletzung (Art. 122),weiblich,10-14,0
2025,Schwere Körperverletzung (Art. 122),männlich,15-17,3
2025,Schwere Körperverletzung (Art. 122),weiblich,15-17,1
2025,Einfache Körperverletzung (Art. 123),männlich,<10,84
2025,Einfache Körperverletzung (Art. 123),weiblich,<10,60
2025,Einfache Körperverletzung (Art. 123),männlich,10-14,72
2025,Einfache Körperverletzung (Art. 123),weiblich,10-14,84
2025,Einfache Körperverletzung (Art. 123),männlich,15-17,45
2025,Einfache Körperverletzung (Art. 123),weiblich,15-17,88
2025,Tätlichkeiten (Art. 126),männlich,<10,232
2025,Tätlichkeiten (Art. 126),weiblich,<10,206
2025,Tätlichkeiten (Art. 126),männlich,10-14,135
2025,Tätlichkeiten (Art. 126),weiblich,10-14,191
2025,Tätlichkeiten (Art. 126),männlich,15-17,76
2025,Tätlichkeiten (Art. 126),weiblich,15-17,164
2025,Gefährdung des Lebens (Art. 129),männlich,<10,9
2025,Gefährdung des Lebens (Art. 129),weiblich,<10,4
2025,Gefährdung des Lebens (Art. 129),männlich,10-14,2
2025,Gefährdung des Lebens (Art. 129),weiblich,10-14,4
2025,Gefährdung des Lebens (Art. 129),männlich,15-17,2
2025,Gefährdung des Lebens (Art. 129),weiblich,15-17,6
2025,Verabreichen gesundheitsgefährdender Stoffe an Kinder (Art. 136),männlich,<10,2
2025,Verabreichen gesundheitsgefährdender Stoffe an Kinder (Art. 136),weiblich,<10,1
2025,Verabreichen gesundheitsgefährdender Stoffe an Kinder (Art. 136),männlich,10-14,2
2025,Verabreichen gesundheitsgefährdender Stoffe an Kinder (Art. 136),weiblich,10-14,3
2025,Verabreichen gesundheitsgefährdender Stoffe an Kinder (Art. 136),männlich,15-17,2
2025,Verabreichen gesundheitsgefährdender Stoffe an Kinder (Art. 136),weiblich,15-17,3
2025,Üble Nachrede (Art. 173),männlich,<10,0
2025,Üble Nachrede (Art. 173),weiblich,<10,0
2025,Üble Nachrede (Art. 173),männlich,10-14,1
2025,Üble Nachrede (Art. 173),weiblich,10-14,1
2025,Üble Nachrede (Art. 173),männlich,15-17,1
2025,Üble Nachrede (Art. 173),weiblich,15-17,8
2025,Verleumdung (Art. 174),männlich,<10,1
2025,Verleumdung (Art. 174),weiblich,<10,1
2025,Verleumdung (Art. 174),männlich,10-14,2
2025,Verleumdung (Art. 174),weiblich,10-14,2
2025,Verleumdung (Art. 174),männlich,15-17,0
2025,Verleumdung (Art. 174),weiblich,15-17,6
2025,Beschimpfung (Art. 177),männlich,<10,29
2025,Beschimpfung (Art. 177),weiblich,<10,21
2025,Beschimpfung (Art. 177),männlich,10-14,46
2025,Beschimpfung (Art. 177),weiblich,10-14,59
2025,Beschimpfung (Art. 177),männlich,15-17,36
2025,Beschimpfung (Art. 177),weiblich,15-17,107
2025,Missbrauch einer Fernmeldeanlage (Art. 179septies),männlich,<10,0
2025,Missbrauch einer Fernmeldeanlage (Art. 179septies),weiblich,<10,2
2025,Missbrauch einer Fernmeldeanlage (Art. 179septies),männlich,10-14,1
2025,Missbrauch einer Fernmeldeanlage (Art. 179septies),weiblich,10-14,3
2025,Missbrauch einer Fernmeldeanlage (Art. 179septies),männlich,15-17,0
2025,Missbrauch einer Fernmeldeanlage (Art. 179septies),weiblich,15-17,12
2025,Drohung (Art. 180),männlich,<10,38
2025,Drohung (Art. 180),weiblich,<10,24
2025,Drohung (Art. 180),männlich,10-14,31
2025,Drohung (Art. 180),weiblich,10-14,51
2025,Drohung (Art. 180),männlich,15-17,39
2025,Drohung (Art. 180),weiblich,15-17,92
2025,Nötigung (Art. 181),männlich,<10,7
2025,Nötigung (Art. 181),weiblich,<10,8
2025,Nötigung (Art. 181),männlich,10-14,18
2025,Nötigung (Art. 181),weiblich,10-14,31
2025,Nötigung (Art. 181),männlich,15-17,9
2025,Nötigung (Art. 181),weiblich,15-17,25
2025,Freiheitsberaubung und Entführung (Art. 183/184),männlich,<10,10
2025,Freiheitsberaubung und Entführung (Art. 183/184),weiblich,<10,9
2025,Freiheitsberaubung und Entführung (Art. 183/184),männlich,10-14,1
2025,Freiheitsberaubung und Entführung (Art. 183/184),weiblich,10-14,7
2025,Freiheitsberaubung und Entführung (Art. 183/184),männlich,15-17,0
2025,Freiheitsberaubung und Entführung (Art. 183/184),weiblich,15-17,4
2025,Sexuelle Handlungen mit Kindern (Art. 187),männlich,<10,65
2025,Sexuelle Handlungen mit Kindern (Art. 187),weiblich,<10,147
2025,Sexuelle Handlungen mit Kindern (Art. 187),männlich,10-14,12
2025,Sexuelle Handlungen mit Kindern (Art. 187),weiblich,10-14,102
2025,Sexuelle Handlungen mit Kindern (Art. 187),männlich,15-17,3
2025,Sexuelle Handlungen mit Kindern (Art. 187),weiblich,15-17,49
2025,Sexuelle Handlungen mit Abhängigen (Art. 188),männlich,<10,X
2025,Sexuelle Handlungen mit Abhängigen (Art. 188),weiblich,<10,X
2025,Sexuelle Handlungen mit Abhängigen (Art. 188),männlich,10-14,X
2025,Sexuelle Handlungen mit Abhängigen (Art. 188),weiblich,10-14,X
2025,Sexuelle Handlungen mit Abhängigen (Art. 188),männlich,15-17,X
2025,Sexuelle Handlungen mit Abhängigen (Art. 188),weiblich,15-17,X
2025,Sexueller Übergriff und sexuelle Nötigung (Art. 189),männlich,<10,3
2025,Sexueller Übergriff und sexuelle Nötigung (Art. 189),weiblich,<10,10
2025,Sexueller Übergriff und sexuelle Nötigung (Art. 189),männlich,10-14,1
2025,Sexueller Übergriff und sexuelle Nötigung (Art. 189),weiblich,10-14,16
2025,Sexueller Übergriff und sexuelle Nötigung (Art. 189),männlich,15-17,1
2025,Sexueller Übergriff und sexuelle Nötigung (Art. 189),weiblich,15-17,19
2025,Vergewaltigung (Art. 190),männlich,<10,5
2025,Vergewaltigung (Art. 190),weiblich,<10,9
2025,Vergewaltigung (Art. 190),männlich,10-14,2
2025,Vergewaltigung (Art. 190),weiblich,10-14,35
2025,Vergewaltigung (Art. 190),männlich,15-17,0
2025,Vergewaltigung (Art. 190),weiblich,15-17,60
2025,Missbrauch einer urteilsunfähigen oder zum Widerstand unfähigen Person (Art. 191),männlich,<10,6
2025,Missbrauch einer urteilsunfähigen oder zum Widerstand unfähigen Person (Art. 191),weiblich,<10,15
2025,Missbrauch einer urteilsunfähigen oder zum Widerstand unfähigen Person (Art. 191),männlich,10-14,1
2025,Missbrauch einer urteilsunfähigen oder zum Widerstand unfähigen Person (Art. 191),weiblich,10-14,1
2025,Missbrauch einer urteilsunfähigen oder zum Widerstand unfähigen Person (Art. 191),männlich,15-17,2
2025,Missbrauch einer urteilsunfähigen oder zum Widerstand unfähigen Person (Art. 191),weiblich,15-17,6
2025,Unbefugtes Weiterleiten von nicht öffentlichen sexuellen Inhalten (Art. 197a)3),männlich,<10,0
2025,Unbefugtes Weiterleiten von nicht öffentlichen sexuellen Inhalten (Art. 197a)3),weiblich,<10,0
2025,Unbefugtes Weiterleiten von nicht öffentlichen sexuellen Inhalten (Art. 197a)3),männlich,10-14,0
2025,Unbefugtes Weiterleiten von nicht öffentlichen sexuellen Inhalten (Art. 197a)3),weiblich,10-14,3
2025,Unbefugtes Weiterleiten von nicht öffentlichen sexuellen Inhalten (Art. 197a)3),männlich,15-17,0
2025,Unbefugtes Weiterleiten von nicht öffentlichen sexuellen Inhalten (Art. 197a)3),weiblich,15-17,13
2025,Sexuelle Belästigungen (Art. 198),männlich,<10,1
2025,Sexuelle Belästigungen (Art. 198),weiblich,<10,2
2025,Sexuelle Belästigungen (Art. 198),männlich,10-14,1
2025,Sexuelle Belästigungen (Art. 198),weiblich,10-14,11
2025,Sexuelle Belästigungen (Art. 198),männlich,15-17,0
2025,Sexuelle Belästigungen (Art. 198),weiblich,15-17,8
2025,übrige Art. StGB4),männlich,<10,1
2025,übrige Art. StGB4),weiblich,<10,0
2025,übrige Art. StGB4),männlich,10-14,1
2025,übrige Art. StGB4),weiblich,10-14,0
2025,übrige Art. StGB4),männlich,15-17,0
2025,übrige Art. StGB4),weiblich,15-17,0
2024,Tötungsdelikte vollendet (Art. 111-113/116),männlich,<10,0
2024,Tötungsdelikte vollendet (Art. 111-113/116),weiblich,<10,0
2024,Tötungsdelikte vollendet (Art. 111-113/116),männlich,10-14,0
2024,Tötungsdelikte vollendet (Art. 111-113/116),weiblich,10-14,0
2024,Tötungsdelikte vollendet (Art. 111-113/116),männlich,15-17,0
2024,Tötungsdelikte vollendet (Art. 111-113/116),weiblich,15-17,1
2024,Tötungsdelikte versucht (Art. 111-113/116),männlich,<10,1
2024,Tötungsdelikte versucht (Art. 111-113/116),weiblich,<10,0
2024,Tötungsdelikte versucht (Art. 111-113/116),männlich,10-14,0
2024,Tötungsdelikte versucht (Art. 111-113/116),weiblich,10-14,0
2024,Tötungsdelikte versucht (Art. 111-113/116),männlich,15-17,0
2024,Tötungsdelikte versucht (Art. 111-113/116),weiblich,15-17,0
2024,Schwere Körperverletzung (Art. 122),männlich,<10,3
2024,Schwere Körperverletzung (Art. 122),weiblich,<10,5
2024,Schwere Körperverletzung (Art. 122),männlich,10-14,1
2024,Schwere Körperverletzung (Art. 122),weiblich,10-14,3
2024,Schwere Körperverletzung (Art. 122),männlich,15-17,5
2024,Schwere Körperverletzung (Art. 122),weiblich,15-17,4
2024,Einfache Körperverletzung (Art. 123),männlich,<10,85
2024,Einfache Körperverletzung (Art. 123),weiblich,<10,60
2024,Einfache Körperverletzung (Art. 123),männlich,10-14,67
2024,Einfache Körperverletzung (Art. 123),weiblich,10-14,74
2024,Einfache Körperverletzung (Art. 123),männlich,15-17,31
2024,Einfache Körperverletzung (Art. 123),weiblich,15-17,54
2024,Tätlichkeiten (Art. 126),männlich,<10,210
2024,Tätlichkeiten (Art. 126),weiblich,<10,178
2024,Tätlichkeiten (Art. 126),männlich,10-14,149
2024,Tätlichkeiten (Art. 126),weiblich,10-14,182
2024,Tätlichkeiten (Art. 126),männlich,15-17,96
2024,Tätlichkeiten (Art. 126),weiblich,15-17,152
2024,Gefährdung des Lebens (Art. 129),männlich,<10,2
2024,Gefährdung des Lebens (Art. 129),weiblich,<10,2
2024,Gefährdung des Lebens (Art. 129),männlich,10-14,0
2024,Gefährdung des Lebens (Art. 129),weiblich,10-14,4
2024,Gefährdung des Lebens (Art. 129),männlich,15-17,5
2024,Gefährdung des Lebens (Art. 129),weiblich,15-17,4
2024,Verabreichen gesundheitsgefährdender Stoffe an Kinder (Art. 136),männlich,<10,1
2024,Verabreichen gesundheitsgefährdender Stoffe an Kinder (Art. 136),weiblich,<10,0
2024,Verabreichen gesundheitsgefährdender Stoffe an Kinder (Art. 136),männlich,10-14,2
2024,Verabreichen gesundheitsgefährdender Stoffe an Kinder (Art. 136),weiblich,10-14,3
2024,Verabreichen gesundheitsgefährdender Stoffe an Kinder (Art. 136),männlich,15-17,1
2024,Verabreichen gesundheitsgefährdender Stoffe an Kinder (Art. 136),weiblich,15-17,4
2024,Üble Nachrede (Art. 173),männlich,<10,0
2024,Üble Nachrede (Art. 173),weiblich,<10,0
2024,Üble Nachrede (Art. 173),männlich,10-14,1
2024,Üble Nachrede (Art. 173),weiblich,10-14,0
2024,Üble Nachrede (Art. 173),männlich,15-17,0
2024,Üble Nachrede (Art. 173),weiblich,15-17,3
2024,Verleumdung (Art. 174),männlich,<10,0
2024,Verleumdung (Art. 174),weiblich,<10,0
2024,Verleumdung (Art. 174),männlich,10-14,0
2024,Verleumdung (Art. 174),weiblich,10-14,0
2024,Verleumdung (Art. 174),männlich,15-17,1
2024,Verleumdung (Art. 174),weiblich,15-17,1
2024,Beschimpfung (Art. 177),männlich,<10,28
2024,Beschimpfung (Art. 177),weiblich,<10,37
2024,Beschimpfung (Art. 177),männlich,10-14,48
2024,Beschimpfung (Art. 177),weiblich,10-14,73
2024,Beschimpfung (Art. 177),männlich,15-17,29
2024,Beschimpfung (Art. 177),weiblich,15-17,86
2024,Missbrauch einer Fernmeldeanlage (Art. 179septies),männlich,<10,1
2024,Missbrauch einer Fernmeldeanlage (Art. 179septies),weiblich,<10,1
2024,Missbrauch einer Fernmeldeanlage (Art. 179septies),männlich,10-14,1
2024,Missbrauch einer Fernmeldeanlage (Art. 179septies),weiblich,10-14,2
2024,Missbrauch einer Fernmeldeanlage (Art. 179septies),männlich,15-17,2
2024,Missbrauch einer Fernmeldeanlage (Art. 179septies),weiblich,15-17,12
2024,Drohung (Art. 180),männlich,<10,28
2024,Drohung (Art. 180),weiblich,<10,29
2024,Drohung (Art. 180),männlich,10-14,46
2024,Drohung (Art. 180),weiblich,10-14,50
2024,Drohung (Art. 180),männlich,15-17,27
2024,Drohung (Art. 180),weiblich,15-17,83
2024,Nötigung (Art. 181),männlich,<10,6
2024,Nötigung (Art. 181),weiblich,<10,7
2024,Nötigung (Art. 181),männlich,10-14,9
2024,Nötigung (Art. 181),weiblich,10-14,22
2024,Nötigung (Art. 181),männlich,15-17,9
2024,Nötigung (Art. 181),weiblich,15-17,26
2024,Freiheitsberaubung und Entführung (Art. 183/184),männlich,<10,4
2024,Freiheitsberaubung und Entführung (Art. 183/184),weiblich,<10,2
2024,Freiheitsberaubung und Entführung (Art. 183/184),männlich,10-14,2
2024,Freiheitsberaubung und Entführung (Art. 183/184),weiblich,10-14,11
2024,Freiheitsberaubung und Entführung (Art. 183/184),männlich,15-17,3
2024,Freiheitsberaubung und Entführung (Art. 183/184),weiblich,15-17,6
2024,Sexuelle Handlungen mit Kindern (Art. 187),männlich,<10,45
2024,Sexuelle Handlungen mit Kindern (Art. 187),weiblich,<10,95
2024,Sexuelle Handlungen mit Kindern (Art. 187),männlich,10-14,14
2024,Sexuelle Handlungen mit Kindern (Art. 187),weiblich,10-14,135
2024,Sexuelle Handlungen mit Kindern (Art. 187),männlich,15-17,7
2024,Sexuelle Handlungen mit Kindern (Art. 187),weiblich,15-17,54
2024,Sexuelle Handlungen mit Abhängigen (Art. 188),männlich,<10,0
2024,Sexuelle Handlungen mit Abhängigen (Art. 188),weiblich,<10,0
2024,Sexuelle Handlungen mit Abhängigen (Art. 188),männlich,10-14,0
2024,Sexuelle Handlungen mit Abhängigen (Art. 188),weiblich,10-14,0
2024,Sexuelle Handlungen mit Abhängigen (Art. 188),männlich,15-17,0
2024,Sexuelle Handlungen mit Abhängigen (Art. 188),weiblich,15-17,0
2024,Sexueller Übergriff und sexuelle Nötigung (Art. 189)3),männlich,<10,1
2024,Sexueller Übergriff und sexuelle Nötigung (Art. 189)3),weiblich,<10,4
2024,Sexueller Übergriff und sexuelle Nötigung (Art. 189)3),männlich,10-14,7
2024,Sexueller Übergriff und sexuelle Nötigung (Art. 189)3),weiblich,10-14,26
2024,Sexueller Übergriff und sexuelle Nötigung (Art. 189)3),männlich,15-17,0
2024,Sexueller Übergriff und sexuelle Nötigung (Art. 189)3),weiblich,15-17,23
2024,Vergewaltigung (Art. 190),männlich,<10,X
2024,Vergewaltigung (Art. 190),weiblich,<10,7
2024,Vergewaltigung (Art. 190),männlich,10-14,X
2024,Vergewaltigung (Art. 190),weiblich,10-14,23
2024,Vergewaltigung (Art. 190),männlich,15-17,X
2024,Vergewaltigung (Art. 190),weiblich,15-17,40
2024,Missbrauch einer urteilsunfähigen oder zum Widerstand unfähigen Person (Art. 191)4),männlich,<10,4
2024,Missbrauch einer urteilsunfähigen oder zum Widerstand unfähigen Person (Art. 191)4),weiblich,<10,4
2024,Missbrauch einer urteilsunfähigen oder zum Widerstand unfähigen Person (Art. 191)4),männlich,10-14,1
2024,Missbrauch einer urteilsunfähigen oder zum Widerstand unfähigen Person (Art. 191)4),weiblich,10-14,2
2024,Missbrauch einer urteilsunfähigen oder zum Widerstand unfähigen Person (Art. 191)4),männlich,15-17,1
2024,Missbrauch einer urteilsunfähigen oder zum Widerstand unfähigen Person (Art. 191)4),weiblich,15-17,5
2024,Sexuelle Belästigungen (Art. 198),männlich,<10,2
2024,Sexuelle Belästigungen (Art. 198),weiblich,<10,1
2024,Sexuelle Belästigungen (Art. 198),männlich,10-14,3
2024,Sexuelle Belästigungen (Art. 198),weiblich,10-14,8
2024,Sexuelle Belästigungen (Art. 198),männlich,15-17,0
2024,Sexuelle Belästigungen (Art. 198),weiblich,15-17,11
2024,übrige Art. StGB5),männlich,<10,2
2024,übrige Art. StGB5),weiblich,<10,3
2024,übrige Art. StGB5),männlich,10-14,0
2024,übrige Art. StGB5),weiblich,10-14,0
2024,übrige Art. StGB5),männlich,15-17,3
2024,übrige Art. StGB5),weiblich,15-17,1
2023,Tötungsdelikte vollendet (Art. 111-113/116),männlich,<10,0
2023,Tötungsdelikte vollendet (Art. 111-113/116),weiblich,<10,3
2023,Tötungsdelikte vollendet (Art. 111-113/116),männlich,10-14,0
2023,Tötungsdelikte vollendet (Art. 111-113/116),weiblich,10-14,1
2023,Tötungsdelikte vollendet (Art. 111-113/116),männlich,15-17,0
2023,Tötungsdelikte vollendet (Art. 111-113/116),weiblich,15-17,0
2023,Tötungsdelikte versucht (Art. 111-113/116),männlich,<10,1
2023,Tötungsdelikte versucht (Art. 111-113/116),weiblich,<10,2
2023,Tötungsdelikte versucht (Art. 111-113/116),männlich,10-14,0
2023,Tötungsdelikte versucht (Art. 111-113/116),weiblich,10-14,0
2023,Tötungsdelikte versucht (Art. 111-113/116),männlich,15-17,2
2023,Tötungsdelikte versucht (Art. 111-113/116),weiblich,15-17,1
2023,Schwere Körperverletzung (Art. 122),männlich,<10,9
2023,Schwere Körperverletzung (Art. 122),weiblich,<10,3
2023,Schwere Körperverletzung (Art. 122),männlich,10-14,2
2023,Schwere Körperverletzung (Art. 122),weiblich,10-14,0
2023,Schwere Körperverletzung (Art. 122),männlich,15-17,4
2023,Schwere Körperverletzung (Art. 122),weiblich,15-17,7
2023,Einfache Körperverletzung (Art. 123),männlich,<10,66
2023,Einfache Körperverletzung (Art. 123),weiblich,<10,51
2023,Einfache Körperverletzung (Art. 123),männlich,10-14,58
2023,Einfache Körperverletzung (Art. 123),weiblich,10-14,55
2023,Einfache Körperverletzung (Art. 123),männlich,15-17,25
2023,Einfache Körperverletzung (Art. 123),weiblich,15-17,42
2023,Tätlichkeiten (Art. 126),männlich,<10,175
2023,Tätlichkeiten (Art. 126),weiblich,<10,141
2023,Tätlichkeiten (Art. 126),männlich,10-14,143
2023,Tätlichkeiten (Art. 126),weiblich,10-14,190
2023,Tätlichkeiten (Art. 126),männlich,15-17,81
2023,Tätlichkeiten (Art. 126),weiblich,15-17,137
2023,Gefährdung des Lebens (Art. 129),männlich,<10,1
2023,Gefährdung des Lebens (Art. 129),weiblich,<10,2
2023,Gefährdung des Lebens (Art. 129),männlich,10-14,2
2023,Gefährdung des Lebens (Art. 129),weiblich,10-14,1
2023,Gefährdung des Lebens (Art. 129),männlich,15-17,3
2023,Gefährdung des Lebens (Art. 129),weiblich,15-17,2
2023,Verabreichen gesundheitsgefährdender Stoffe an Kinder (Art. 136),männlich,<10,X
2023,Verabreichen gesundheitsgefährdender Stoffe an Kinder (Art. 136),weiblich,<10,X
2023,Verabreichen gesundheitsgefährdender Stoffe an Kinder (Art. 136),männlich,10-14,X
2023,Verabreichen gesundheitsgefährdender Stoffe an Kinder (Art. 136),weiblich,10-14,X
2023,Verabreichen gesundheitsgefährdender Stoffe an Kinder (Art. 136),männlich,15-17,X
2023,Verabreichen gesundheitsgefährdender Stoffe an Kinder (Art. 136),weiblich,15-17,X
2023,Üble Nachrede (Art. 173),männlich,<10,0
2023,Üble Nachrede (Art. 173),weiblich,<10,0
2023,Üble Nachrede (Art. 173),männlich,10-14,0
2023,Üble Nachrede (Art. 173),weiblich,10-14,1
2023,Üble Nachrede (Art. 173),männlich,15-17,4
2023,Üble Nachrede (Art. 173),weiblich,15-17,5
2023,Verleumdung (Art. 174),männlich,<10,0
2023,Verleumdung (Art. 174),weiblich,<10,0
2023,Verleumdung (Art. 174),männlich,10-14,0
2023,Verleumdung (Art. 174),weiblich,10-14,1
2023,Verleumdung (Art. 174),männlich,15-17,1
2023,Verleumdung (Art. 174),weiblich,15-17,2
2023,Beschimpfung (Art. 177),männlich,<10,26
2023,Beschimpfung (Art. 177),weiblich,<10,14
2023,Beschimpfung (Art. 177),männlich,10-14,38
2023,Beschimpfung (Art. 177),weiblich,10-14,41
2023,Beschimpfung (Art. 177),männlich,15-17,27
2023,Beschimpfung (Art. 177),weiblich,15-17,71
2023,Missbrauch einer Fernmeldeanlage (Art. 179septies),männlich,<10,1
2023,Missbrauch einer Fernmeldeanlage (Art. 179septies),weiblich,<10,1
2023,Missbrauch einer Fernmeldeanlage (Art. 179septies),männlich,10-14,1
2023,Missbrauch einer Fernmeldeanlage (Art. 179septies),weiblich,10-14,2
2023,Missbrauch einer Fernmeldeanlage (Art. 179septies),männlich,15-17,4
2023,Missbrauch einer Fernmeldeanlage (Art. 179septies),weiblich,15-17,7
2023,Drohung (Art. 180),männlich,<10,32
2023,Drohung (Art. 180),weiblich,<10,24
2023,Drohung (Art. 180),männlich,10-14,25
2023,Drohung (Art. 180),weiblich,10-14,43
2023,Drohung (Art. 180),männlich,15-17,28
2023,Drohung (Art. 180),weiblich,15-17,79
2023,Nötigung (Art. 181),männlich,<10,9
2023,Nötigung (Art. 181),weiblich,<10,6
2023,Nötigung (Art. 181),männlich,10-14,7
2023,Nötigung (Art. 181),weiblich,10-14,17
2023,Nötigung (Art. 181),männlich,15-17,10
2023,Nötigung (Art. 181),weiblich,15-17,19
2023,Freiheitsberaubung und Entführung (Art. 183/184),männlich,<10,4
2023,Freiheitsberaubung und Entführung (Art. 183/184),weiblich,<10,2
2023,Freiheitsberaubung und Entführung (Art. 183/184),männlich,10-14,0
2023,Freiheitsberaubung und Entführung (Art. 183/184),weiblich,10-14,3
2023,Freiheitsberaubung und Entführung (Art. 183/184),männlich,15-17,0
2023,Freiheitsberaubung und Entführung (Art. 183/184),weiblich,15-17,3
2023,Sexuelle Handlungen mit Kindern (Art. 187),männlich,<10,51
2023,Sexuelle Handlungen mit Kindern (Art. 187),weiblich,<10,138
2023,Sexuelle Handlungen mit Kindern (Art. 187),männlich,10-14,21
2023,Sexuelle Handlungen mit Kindern (Art. 187),weiblich,10-14,130
2023,Sexuelle Handlungen mit Kindern (Art. 187),männlich,15-17,6
2023,Sexuelle Handlungen mit Kindern (Art. 187),weiblich,15-17,41
2023,Sexuelle Handlungen mit Abhängigen (Art. 188),männlich,<10,0
2023,Sexuelle Handlungen mit Abhängigen (Art. 188),weiblich,<10,0
2023,Sexuelle Handlungen mit Abhängigen (Art. 188),männlich,10-14,0
2023,Sexuelle Handlungen mit Abhängigen (Art. 188),weiblich,10-14,0
2023,Sexuelle Handlungen mit Abhängigen (Art. 188),männlich,15-17,0
2023,Sexuelle Handlungen mit Abhängigen (Art. 188),weiblich,15-17,4
2023,Sexuelle Nötigung (Art. 189),männlich,<10,4
2023,Sexuelle Nötigung (Art. 189),weiblich,<10,16
2023,Sexuelle Nötigung (Art. 189),männlich,10-14,6
2023,Sexuelle Nötigung (Art. 189),weiblich,10-14,19
2023,Sexuelle Nötigung (Art. 189),männlich,15-17,3
2023,Sexuelle Nötigung (Art. 189),weiblich,15-17,22
2023,Vergewaltigung (Art. 190),männlich,<10,0
2023,Vergewaltigung (Art. 190),weiblich,<10,3
2023,Vergewaltigung (Art. 190),männlich,10-14,0
2023,Vergewaltigung (Art. 190),weiblich,10-14,25
2023,Vergewaltigung (Art. 190),männlich,15-17,0
2023,Vergewaltigung (Art. 190),weiblich,15-17,39
2023,Schändung (Art. 191),männlich,<10,5
2023,Schändung (Art. 191),weiblich,<10,10
2023,Schändung (Art. 191),männlich,10-14,1
2023,Schändung (Art. 191),weiblich,10-14,6
2023,Schändung (Art. 191),männlich,15-17,1
2023,Schändung (Art. 191),weiblich,15-17,4
2023,Sexuelle Belästigungen (Art. 198),männlich,<10,X
2023,Sexuelle Belästigungen (Art. 198),weiblich,<10,1
2023,Sexuelle Belästigungen (Art. 198),männlich,10-14,X
2023,Sexuelle Belästigungen (Art. 198),weiblich,10-14,2
2023,Sexuelle Belästigungen (Art. 198),männlich,15-17,X
2023,Sexuelle Belästigungen (Art. 198),weiblich,15-17,9
2023,übrige Art. StGB3),männlich,<10,1
2023,übrige Art. StGB3),weiblich,<10,6
2023,übrige Art. StGB3),männlich,10-14,2
2023,übrige Art. StGB3),weiblich,10-14,2
2023,übrige Art. StGB3),männlich,15-17,1
2023,übrige Art. StGB3),weiblich,15-17,0
2022,Tötungsdelikte vollendet (Art. 111-113/116),männlich,<10,4
2022,Tötungsdelikte vollendet (Art. 111-113/116),weiblich,<10,1
2022,Tötungsdelikte vollendet (Art. 111-113/116),männlich,10-14,0
2022,Tötungsdelikte vollendet (Art. 111-113/116),weiblich,10-14,0
2022,Tötungsdelikte vollendet (Art. 111-113/116),männlich,15-17,0
2022,Tötungsdelikte vollendet (Art. 111-113/116),weiblich,15-17,0
2022,Tötungsdelikte versucht (Art. 111-113/116),männlich,<10,5
2022,Tötungsdelikte versucht (Art. 111-113/116),weiblich,<10,1
2022,Tötungsdelikte versucht (Art. 111-113/116),männlich,10-14,1
2022,Tötungsdelikte versucht (Art. 111-113/116),weiblich,10-14,1
2022,Tötungsdelikte versucht (Art. 111-113/116),männlich,15-17,2
2022,Tötungsdelikte versucht (Art. 111-113/116),weiblich,15-17,0
2022,Schwere Körperverletzung (Art. 122),männlich,<10,5
2022,Schwere Körperverletzung (Art. 122),weiblich,<10,0
2022,Schwere Körperverletzung (Art. 122),männlich,10-14,1
2022,Schwere Körperverletzung (Art. 122),weiblich,10-14,1
2022,Schwere Körperverletzung (Art. 122),männlich,15-17,2
2022,Schwere Körperverletzung (Art. 122),weiblich,15-17,2
2022,Einfache Körperverletzung (Art. 123),männlich,<10,83
2022,Einfache Körperverletzung (Art. 123),weiblich,<10,59
2022,Einfache Körperverletzung (Art. 123),männlich,10-14,42
2022,Einfache Körperverletzung (Art. 123),weiblich,10-14,56
2022,Einfache Körperverletzung (Art. 123),männlich,15-17,25
2022,Einfache Körperverletzung (Art. 123),weiblich,15-17,65
2022,Tätlichkeiten (Art. 126),männlich,<10,158
2022,Tätlichkeiten (Art. 126),weiblich,<10,114
2022,Tätlichkeiten (Art. 126),männlich,10-14,119
2022,Tätlichkeiten (Art. 126),weiblich,10-14,159
2022,Tätlichkeiten (Art. 126),männlich,15-17,79
2022,Tätlichkeiten (Art. 126),weiblich,15-17,128
2022,Gefährdung des Lebens (Art. 129),männlich,<10,4
2022,Gefährdung des Lebens (Art. 129),weiblich,<10,3
2022,Gefährdung des Lebens (Art. 129),männlich,10-14,1
2022,Gefährdung des Lebens (Art. 129),weiblich,10-14,1
2022,Gefährdung des Lebens (Art. 129),männlich,15-17,0
2022,Gefährdung des Lebens (Art. 129),weiblich,15-17,7
2022,Verabreichen gesundheitsgefährdender Stoffe an Kinder (Art. 136),männlich,<10,1
2022,Verabreichen gesundheitsgefährdender Stoffe an Kinder (Art. 136),weiblich,<10,5
2022,Verabreichen gesundheitsgefährdender Stoffe an Kinder (Art. 136),männlich,10-14,1
2022,Verabreichen gesundheitsgefährdender Stoffe an Kinder (Art. 136),weiblich,10-14,0
2022,Verabreichen gesundheitsgefährdender Stoffe an Kinder (Art. 136),männlich,15-17,4
2022,Verabreichen gesundheitsgefährdender Stoffe an Kinder (Art. 136),weiblich,15-17,5
2022,Üble Nachrede (Art. 173),männlich,<10,0
2022,Üble Nachrede (Art. 173),weiblich,<10,2
2022,Üble Nachrede (Art. 173),männlich,10-14,0
2022,Üble Nachrede (Art. 173),weiblich,10-14,3
2022,Üble Nachrede (Art. 173),männlich,15-17,0
2022,Üble Nachrede (Art. 173),weiblich,15-17,0
2022,Verleumdung (Art. 174),männlich,<10,0
2022,Verleumdung (Art. 174),weiblich,<10,1
2022,Verleumdung (Art. 174),männlich,10-14,1
2022,Verleumdung (Art. 174),weiblich,10-14,2
2022,Verleumdung (Art. 174),männlich,15-17,0
2022,Verleumdung (Art. 174),weiblich,15-17,2
2022,Beschimpfung (Art. 177),männlich,<10,12
2022,Beschimpfung (Art. 177),weiblich,<10,21
2022,Beschimpfung (Art. 177),männlich,10-14,24
2022,Beschimpfung (Art. 177),weiblich,10-14,56
2022,Beschimpfung (Art. 177),männlich,15-17,30
2022,Beschimpfung (Art. 177),weiblich,15-17,70
2022,Missbrauch einer Fernmeldeanlage (Art. 179septies),männlich,<10,0
2022,Missbrauch einer Fernmeldeanlage (Art. 179septies),weiblich,<10,2
2022,Missbrauch einer Fernmeldeanlage (Art. 179septies),männlich,10-14,0
2022,Missbrauch einer Fernmeldeanlage (Art. 179septies),weiblich,10-14,0
2022,Missbrauch einer Fernmeldeanlage (Art. 179septies),männlich,15-17,1
2022,Missbrauch einer Fernmeldeanlage (Art. 179septies),weiblich,15-17,7
2022,Drohung (Art. 180),männlich,<10,21
2022,Drohung (Art. 180),weiblich,<10,26
2022,Drohung (Art. 180),männlich,10-14,28
2022,Drohung (Art. 180),weiblich,10-14,57
2022,Drohung (Art. 180),männlich,15-17,33
2022,Drohung (Art. 180),weiblich,15-17,75
2022,Nötigung (Art. 181),männlich,<10,6
2022,Nötigung (Art. 181),weiblich,<10,7
2022,Nötigung (Art. 181),männlich,10-14,3
2022,Nötigung (Art. 181),weiblich,10-14,11
2022,Nötigung (Art. 181),männlich,15-17,3
2022,Nötigung (Art. 181),weiblich,15-17,24
2022,Freiheitsberaubung und Entführung (Art. 183/184),männlich,<10,9
2022,Freiheitsberaubung und Entführung (Art. 183/184),weiblich,<10,5
2022,Freiheitsberaubung und Entführung (Art. 183/184),männlich,10-14,2
2022,Freiheitsberaubung und Entführung (Art. 183/184),weiblich,10-14,4
2022,Freiheitsberaubung und Entführung (Art. 183/184),männlich,15-17,1
2022,Freiheitsberaubung und Entführung (Art. 183/184),weiblich,15-17,8
2022,Sexuelle Handlungen mit Kindern (Art. 187),männlich,<10,49
2022,Sexuelle Handlungen mit Kindern (Art. 187),weiblich,<10,123
2022,Sexuelle Handlungen mit Kindern (Art. 187),männlich,10-14,22
2022,Sexuelle Handlungen mit Kindern (Art. 187),weiblich,10-14,119
2022,Sexuelle Handlungen mit Kindern (Art. 187),männlich,15-17,4
2022,Sexuelle Handlungen mit Kindern (Art. 187),weiblich,15-17,54
2022,Sexuelle Handlungen mit Abhängigen (Art. 188),männlich,<10,0
2022,Sexuelle Handlungen mit Abhängigen (Art. 188),weiblich,<10,X
2022,Sexuelle Handlungen mit Abhängigen (Art. 188),männlich,10-14,0
2022,Sexuelle Handlungen mit Abhängigen (Art. 188),weiblich,10-14,X
2022,Sexuelle Handlungen mit Abhängigen (Art. 188),männlich,15-17,0
2022,Sexuelle Handlungen mit Abhängigen (Art. 188),weiblich,15-17,X
2022,Sexuelle Nötigung (Art. 189),männlich,<10,4
2022,Sexuelle Nötigung (Art. 189),weiblich,<10,6
2022,Sexuelle Nötigung (Art. 189),männlich,10-14,4
2022,Sexuelle Nötigung (Art. 189),weiblich,10-14,18
2022,Sexuelle Nötigung (Art. 189),männlich,15-17,5
2022,Sexuelle Nötigung (Art. 189),weiblich,15-17,23
2022,Vergewaltigung (Art. 190),männlich,<10,0
2022,Vergewaltigung (Art. 190),weiblich,<10,6
2022,Vergewaltigung (Art. 190),männlich,10-14,0
2022,Vergewaltigung (Art. 190),weiblich,10-14,18
2022,Vergewaltigung (Art. 190),männlich,15-17,0
2022,Vergewaltigung (Art. 190),weiblich,15-17,23
2022,Schändung (Art. 191),männlich,<10,4
2022,Schändung (Art. 191),weiblich,<10,8
2022,Schändung (Art. 191),männlich,10-14,0
2022,Schändung (Art. 191),weiblich,10-14,2
2022,Schändung (Art. 191),männlich,15-17,0
2022,Schändung (Art. 191),weiblich,15-17,7
2022,Sexuelle Belästigungen (Art. 198),männlich,<10,X
2022,Sexuelle Belästigungen (Art. 198),weiblich,<10,1
2022,Sexuelle Belästigungen (Art. 198),männlich,10-14,X
2022,Sexuelle Belästigungen (Art. 198),weiblich,10-14,3
2022,Sexuelle Belästigungen (Art. 198),männlich,15-17,X
2022,Sexuelle Belästigungen (Art. 198),weiblich,15-17,4
2022,übrige Art. StGB3),männlich,<10,1
2022,übrige Art. StGB3),weiblich,<10,5
2022,übrige Art. StGB3),männlich,10-14,0
2022,übrige Art. StGB3),weiblich,10-14,1
2022,übrige Art. StGB3),männlich,15-17,1
2022,übrige Art. StGB3),weiblich,15-17,1
2021,Tötungsdelikte vollendet (Art. 111-113/116),männlich,<10,X
2021,Tötungsdelikte vollendet (Art. 111-113/116),weiblich,<10,2
2021,Tötungsdelikte vollendet (Art. 111-113/116),männlich,10-14,X
2021,Tötungsdelikte vollendet (Art. 111-113/116),weiblich,10-14,1
2021,Tötungsdelikte vollendet (Art. 111-113/116),männlich,15-17,X
2021,Tötungsdelikte vollendet (Art. 111-113/116),weiblich,15-17,0
2021,Tötungsdelikte versucht (Art. 111-113/116),männlich,<10,0
2021,Tötungsdelikte versucht (Art. 111-113/116),weiblich,<10,1
2021,Tötungsdelikte versucht (Art. 111-113/116),männlich,10-14,0
2021,Tötungsdelikte versucht (Art. 111-113/116),weiblich,10-14,1
2021,Tötungsdelikte versucht (Art. 111-113/116),männlich,15-17,1
2021,Tötungsdelikte versucht (Art. 111-113/116),weiblich,15-17,0
2021,Schwere Körperverletzung (Art. 122),männlich,<10,9
2021,Schwere Körperverletzung (Art. 122),weiblich,<10,2
2021,Schwere Körperverletzung (Art. 122),männlich,10-14,0
2021,Schwere Körperverletzung (Art. 122),weiblich,10-14,2
2021,Schwere Körperverletzung (Art. 122),männlich,15-17,3
2021,Schwere Körperverletzung (Art. 122),weiblich,15-17,1
2021,Einfache Körperverletzung (Art. 123),männlich,<10,78
2021,Einfache Körperverletzung (Art. 123),weiblich,<10,57
2021,Einfache Körperverletzung (Art. 123),männlich,10-14,53
2021,Einfache Körperverletzung (Art. 123),weiblich,10-14,69
2021,Einfache Körperverletzung (Art. 123),männlich,15-17,21
2021,Einfache Körperverletzung (Art. 123),weiblich,15-17,50
2021,Tätlichkeiten (Art. 126),männlich,<10,155
2021,Tätlichkeiten (Art. 126),weiblich,<10,130
2021,Tätlichkeiten (Art. 126),männlich,10-14,147
2021,Tätlichkeiten (Art. 126),weiblich,10-14,156
2021,Tätlichkeiten (Art. 126),männlich,15-17,93
2021,Tätlichkeiten (Art. 126),weiblich,15-17,143
2021,Gefährdung des Lebens (Art. 129),männlich,<10,4
2021,Gefährdung des Lebens (Art. 129),weiblich,<10,0
2021,Gefährdung des Lebens (Art. 129),männlich,10-14,1
2021,Gefährdung des Lebens (Art. 129),weiblich,10-14,0
2021,Gefährdung des Lebens (Art. 129),männlich,15-17,1
2021,Gefährdung des Lebens (Art. 129),weiblich,15-17,3
2021,Verabreichen gesundheitsgefährdender Stoffe an Kinder (Art. 136),männlich,<10,2
2021,Verabreichen gesundheitsgefährdender Stoffe an Kinder (Art. 136),weiblich,<10,1
2021,Verabreichen gesundheitsgefährdender Stoffe an Kinder (Art. 136),männlich,10-14,1
2021,Verabreichen gesundheitsgefährdender Stoffe an Kinder (Art. 136),weiblich,10-14,1
2021,Verabreichen gesundheitsgefährdender Stoffe an Kinder (Art. 136),männlich,15-17,3
2021,Verabreichen gesundheitsgefährdender Stoffe an Kinder (Art. 136),weiblich,15-17,3
2021,Üble Nachrede (Art. 173),männlich,<10,1
2021,Üble Nachrede (Art. 173),weiblich,<10,1
2021,Üble Nachrede (Art. 173),männlich,10-14,0
2021,Üble Nachrede (Art. 173),weiblich,10-14,1
2021,Üble Nachrede (Art. 173),männlich,15-17,0
2021,Üble Nachrede (Art. 173),weiblich,15-17,1
2021,Verleumdung (Art. 174),männlich,<10,0
2021,Verleumdung (Art. 174),weiblich,<10,0
2021,Verleumdung (Art. 174),männlich,10-14,0
2021,Verleumdung (Art. 174),weiblich,10-14,0
2021,Verleumdung (Art. 174),männlich,15-17,2
2021,Verleumdung (Art. 174),weiblich,15-17,4
2021,Beschimpfung (Art. 177),männlich,<10,15
2021,Beschimpfung (Art. 177),weiblich,<10,14
2021,Beschimpfung (Art. 177),männlich,10-14,32
2021,Beschimpfung (Art. 177),weiblich,10-14,46
2021,Beschimpfung (Art. 177),männlich,15-17,27
2021,Beschimpfung (Art. 177),weiblich,15-17,71
2021,Missbrauch einer Fernmeldeanlage (Art. 179septies),männlich,<10,0
2021,Missbrauch einer Fernmeldeanlage (Art. 179septies),weiblich,<10,0
2021,Missbrauch einer Fernmeldeanlage (Art. 179septies),männlich,10-14,2
2021,Missbrauch einer Fernmeldeanlage (Art. 179septies),weiblich,10-14,3
2021,Missbrauch einer Fernmeldeanlage (Art. 179septies),männlich,15-17,1
2021,Missbrauch einer Fernmeldeanlage (Art. 179septies),weiblich,15-17,7
2021,Drohung (Art. 180),männlich,<10,24
2021,Drohung (Art. 180),weiblich,<10,26
2021,Drohung (Art. 180),männlich,10-14,34
2021,Drohung (Art. 180),weiblich,10-14,58
2021,Drohung (Art. 180),männlich,15-17,39
2021,Drohung (Art. 180),weiblich,15-17,57
2021,Nötigung (Art. 181),männlich,<10,5
2021,Nötigung (Art. 181),weiblich,<10,12
2021,Nötigung (Art. 181),männlich,10-14,11
2021,Nötigung (Art. 181),weiblich,10-14,17
2021,Nötigung (Art. 181),männlich,15-17,1
2021,Nötigung (Art. 181),weiblich,15-17,17
2021,Freiheitsberaubung und Entführung (Art. 183/184),männlich,<10,4
2021,Freiheitsberaubung und Entführung (Art. 183/184),weiblich,<10,6
2021,Freiheitsberaubung und Entführung (Art. 183/184),männlich,10-14,1
2021,Freiheitsberaubung und Entführung (Art. 183/184),weiblich,10-14,5
2021,Freiheitsberaubung und Entführung (Art. 183/184),männlich,15-17,1
2021,Freiheitsberaubung und Entführung (Art. 183/184),weiblich,15-17,6
2021,Sexuelle Handlungen mit Kindern (Art. 187),männlich,<10,69
2021,Sexuelle Handlungen mit Kindern (Art. 187),weiblich,<10,118
2021,Sexuelle Handlungen mit Kindern (Art. 187),männlich,10-14,15
2021,Sexuelle Handlungen mit Kindern (Art. 187),weiblich,10-14,102
2021,Sexuelle Handlungen mit Kindern (Art. 187),männlich,15-17,6
2021,Sexuelle Handlungen mit Kindern (Art. 187),weiblich,15-17,54
2021,Sexuelle Handlungen mit Abhängigen (Art. 188),männlich,<10,0
2021,Sexuelle Handlungen mit Abhängigen (Art. 188),weiblich,<10,X
2021,Sexuelle Handlungen mit Abhängigen (Art. 188),männlich,10-14,0
2021,Sexuelle Handlungen mit Abhängigen (Art. 188),weiblich,10-14,X
2021,Sexuelle Handlungen mit Abhängigen (Art. 188),männlich,15-17,0
2021,Sexuelle Handlungen mit Abhängigen (Art. 188),weiblich,15-17,X
2021,Sexuelle Nötigung (Art. 189),männlich,<10,2
2021,Sexuelle Nötigung (Art. 189),weiblich,<10,8
2021,Sexuelle Nötigung (Art. 189),männlich,10-14,2
2021,Sexuelle Nötigung (Art. 189),weiblich,10-14,14
2021,Sexuelle Nötigung (Art. 189),männlich,15-17,4
2021,Sexuelle Nötigung (Art. 189),weiblich,15-17,18
2021,Vergewaltigung (Art. 190),männlich,<10,0
2021,Vergewaltigung (Art. 190),weiblich,<10,3
2021,Vergewaltigung (Art. 190),männlich,10-14,0
2021,Vergewaltigung (Art. 190),weiblich,10-14,18
2021,Vergewaltigung (Art. 190),männlich,15-17,0
2021,Vergewaltigung (Art. 190),weiblich,15-17,26
2021,Schändung (Art. 191),männlich,<10,6
2021,Schändung (Art. 191),weiblich,<10,4
2021,Schändung (Art. 191),männlich,10-14,1
2021,Schändung (Art. 191),weiblich,10-14,2
2021,Schändung (Art. 191),männlich,15-17,1
2021,Schändung (Art. 191),weiblich,15-17,1
2021,Sexuelle Belästigungen (Art. 198),männlich,<10,1
2021,Sexuelle Belästigungen (Art. 198),weiblich,<10,2
2021,Sexuelle Belästigungen (Art. 198),männlich,10-14,2
2021,Sexuelle Belästigungen (Art. 198),weiblich,10-14,7
2021,Sexuelle Belästigungen (Art. 198),männlich,15-17,1
2021,Sexuelle Belästigungen (Art. 198),weiblich,15-17,3
2021,übrige Art. StGB3),männlich,<10,X
2021,übrige Art. StGB3),weiblich,<10,3
2021,übrige Art. StGB3),männlich,10-14,X
2021,übrige Art. StGB3),weiblich,10-14,1
2021,übrige Art. StGB3),männlich,15-17,X
2021,übrige Art. StGB3),weiblich,15-17,0
2020,Tötungsdelikte vollendet (Art. 111-113/116),männlich,<10,1
2020,Tötungsdelikte vollendet (Art. 111-113/116),weiblich,<10,6
2020,Tötungsdelikte vollendet (Art. 111-113/116),männlich,10-14,1
2020,Tötungsdelikte vollendet (Art. 111-113/116),weiblich,10-14,1
2020,Tötungsdelikte vollendet (Art. 111-113/116),männlich,15-17,1
2020,Tötungsdelikte vollendet (Art. 111-113/116),weiblich,15-17,0
2020,Tötungsdelikte versucht (Art. 111-113/116),männlich,<10,1
2020,Tötungsdelikte versucht (Art. 111-113/116),weiblich,<10,1
2020,Tötungsdelikte versucht (Art. 111-113/116),männlich,10-14,2
2020,Tötungsdelikte versucht (Art. 111-113/116),weiblich,10-14,0
2020,Tötungsdelikte versucht (Art. 111-113/116),männlich,15-17,1
2020,Tötungsdelikte versucht (Art. 111-113/116),weiblich,15-17,0
2020,Schwere Körperverletzung (Art. 122),männlich,<10,6
2020,Schwere Körperverletzung (Art. 122),weiblich,<10,7
2020,Schwere Körperverletzung (Art. 122),männlich,10-14,3
2020,Schwere Körperverletzung (Art. 122),weiblich,10-14,2
2020,Schwere Körperverletzung (Art. 122),männlich,15-17,4
2020,Schwere Körperverletzung (Art. 122),weiblich,15-17,4
2020,Einfache Körperverletzung (Art. 123),männlich,<10,67
2020,Einfache Körperverletzung (Art. 123),weiblich,<10,69
2020,Einfache Körperverletzung (Art. 123),männlich,10-14,54
2020,Einfache Körperverletzung (Art. 123),weiblich,10-14,53
2020,Einfache Körperverletzung (Art. 123),männlich,15-17,30
2020,Einfache Körperverletzung (Art. 123),weiblich,15-17,58
2020,Tätlichkeiten (Art. 126),männlich,<10,149
2020,Tätlichkeiten (Art. 126),weiblich,<10,109
2020,Tätlichkeiten (Art. 126),männlich,10-14,115
2020,Tätlichkeiten (Art. 126),weiblich,10-14,143
2020,Tätlichkeiten (Art. 126),männlich,15-17,84
2020,Tätlichkeiten (Art. 126),weiblich,15-17,157
2020,Gefährdung des Lebens (Art. 129),männlich,<10,6
2020,Gefährdung des Lebens (Art. 129),weiblich,<10,2
2020,Gefährdung des Lebens (Art. 129),männlich,10-14,0
2020,Gefährdung des Lebens (Art. 129),weiblich,10-14,1
2020,Gefährdung des Lebens (Art. 129),männlich,15-17,0
2020,Gefährdung des Lebens (Art. 129),weiblich,15-17,2
2020,Verabreichen gesundheitsgefährdender Stoffe an Kinder (Art. 136),männlich,<10,2
2020,Verabreichen gesundheitsgefährdender Stoffe an Kinder (Art. 136),weiblich,<10,3
2020,Verabreichen gesundheitsgefährdender Stoffe an Kinder (Art. 136),männlich,10-14,1
2020,Verabreichen gesundheitsgefährdender Stoffe an Kinder (Art. 136),weiblich,10-14,4
2020,Verabreichen gesundheitsgefährdender Stoffe an Kinder (Art. 136),männlich,15-17,1
2020,Verabreichen gesundheitsgefährdender Stoffe an Kinder (Art. 136),weiblich,15-17,4
2020,Üble Nachrede (Art. 173),männlich,<10,0
2020,Üble Nachrede (Art. 173),weiblich,<10,0
2020,Üble Nachrede (Art. 173),männlich,10-14,0
2020,Üble Nachrede (Art. 173),weiblich,10-14,1
2020,Üble Nachrede (Art. 173),männlich,15-17,2
2020,Üble Nachrede (Art. 173),weiblich,15-17,1
2020,Verleumdung (Art. 174),männlich,<10,0
2020,Verleumdung (Art. 174),weiblich,<10,0
2020,Verleumdung (Art. 174),männlich,10-14,0
2020,Verleumdung (Art. 174),weiblich,10-14,0
2020,Verleumdung (Art. 174),männlich,15-17,0
2020,Verleumdung (Art. 174),weiblich,15-17,1
2020,Beschimpfung (Art. 177),männlich,<10,15
2020,Beschimpfung (Art. 177),weiblich,<10,23
2020,Beschimpfung (Art. 177),männlich,10-14,26
2020,Beschimpfung (Art. 177),weiblich,10-14,39
2020,Beschimpfung (Art. 177),männlich,15-17,26
2020,Beschimpfung (Art. 177),weiblich,15-17,85
2020,Missbrauch einer Fernmeldeanlage (Art. 179septies),männlich,<10,0
2020,Missbrauch einer Fernmeldeanlage (Art. 179septies),weiblich,<10,1
2020,Missbrauch einer Fernmeldeanlage (Art. 179septies),männlich,10-14,2
2020,Missbrauch einer Fernmeldeanlage (Art. 179septies),weiblich,10-14,0
2020,Missbrauch einer Fernmeldeanlage (Art. 179septies),männlich,15-17,0
2020,Missbrauch einer Fernmeldeanlage (Art. 179septies),weiblich,15-17,12
2020,Drohung (Art. 180),männlich,<10,31
2020,Drohung (Art. 180),weiblich,<10,26
2020,Drohung (Art. 180),männlich,10-14,44
2020,Drohung (Art. 180),weiblich,10-14,43
2020,Drohung (Art. 180),männlich,15-17,35
2020,Drohung (Art. 180),weiblich,15-17,88
2020,Nötigung (Art. 181),männlich,<10,9
2020,Nötigung (Art. 181),weiblich,<10,5
2020,Nötigung (Art. 181),männlich,10-14,9
2020,Nötigung (Art. 181),weiblich,10-14,6
2020,Nötigung (Art. 181),männlich,15-17,5
2020,Nötigung (Art. 181),weiblich,15-17,20
2020,Freiheitsberaubung und Entführung (Art. 183/184),männlich,<10,9
2020,Freiheitsberaubung und Entführung (Art. 183/184),weiblich,<10,14
2020,Freiheitsberaubung und Entführung (Art. 183/184),männlich,10-14,3
2020,Freiheitsberaubung und Entführung (Art. 183/184),weiblich,10-14,4
2020,Freiheitsberaubung und Entführung (Art. 183/184),männlich,15-17,2
2020,Freiheitsberaubung und Entführung (Art. 183/184),weiblich,15-17,3
2020,Sexuelle Handlungen mit Kindern (Art. 187),männlich,<10,63
2020,Sexuelle Handlungen mit Kindern (Art. 187),weiblich,<10,129
2020,Sexuelle Handlungen mit Kindern (Art. 187),männlich,10-14,14
2020,Sexuelle Handlungen mit Kindern (Art. 187),weiblich,10-14,111
2020,Sexuelle Handlungen mit Kindern (Art. 187),männlich,15-17,2
2020,Sexuelle Handlungen mit Kindern (Art. 187),weiblich,15-17,41
2020,Sexuelle Handlungen mit Abhängigen (Art. 188),männlich,<10,0
2020,Sexuelle Handlungen mit Abhängigen (Art. 188),weiblich,<10,X
2020,Sexuelle Handlungen mit Abhängigen (Art. 188),männlich,10-14,0
2020,Sexuelle Handlungen mit Abhängigen (Art. 188),weiblich,10-14,X
2020,Sexuelle Handlungen mit Abhängigen (Art. 188),männlich,15-17,0
2020,Sexuelle Handlungen mit Abhängigen (Art. 188),weiblich,15-17,X
2020,Sexuelle Nötigung (Art. 189),männlich,<10,3
2020,Sexuelle Nötigung (Art. 189),weiblich,<10,15
2020,Sexuelle Nötigung (Art. 189),männlich,10-14,4
2020,Sexuelle Nötigung (Art. 189),weiblich,10-14,19
2020,Sexuelle Nötigung (Art. 189),männlich,15-17,0
2020,Sexuelle Nötigung (Art. 189),weiblich,15-17,23
2020,Vergewaltigung (Art. 190),männlich,<10,0
2020,Vergewaltigung (Art. 190),weiblich,<10,5
2020,Vergewaltigung (Art. 190),männlich,10-14,0
2020,Vergewaltigung (Art. 190),weiblich,10-14,9
2020,Vergewaltigung (Art. 190),männlich,15-17,0
2020,Vergewaltigung (Art. 190),weiblich,15-17,23
2020,Schändung (Art. 191),männlich,<10,X
2020,Schändung (Art. 191),weiblich,<10,4
2020,Schändung (Art. 191),männlich,10-14,X
2020,Schändung (Art. 191),weiblich,10-14,1
2020,Schändung (Art. 191),männlich,15-17,X
2020,Schändung (Art. 191),weiblich,15-17,6
2020,Sexuelle Belästigungen (Art. 198),männlich,<10,0
2020,Sexuelle Belästigungen (Art. 198),weiblich,<10,2
2020,Sexuelle Belästigungen (Art. 198),männlich,10-14,3
2020,Sexuelle Belästigungen (Art. 198),weiblich,10-14,2
2020,Sexuelle Belästigungen (Art. 198),männlich,15-17,0
2020,Sexuelle Belästigungen (Art. 198),weiblich,15-17,4
2020,übrige Art. StGB3),männlich,<10,1
2020,übrige Art. StGB3),weiblich,<10,2
2020,übrige Art. StGB3),männlich,10-14,0
2020,übrige Art. StGB3),weiblich,10-14,0
2020,übrige Art. StGB3),männlich,15-17,0
2020,übrige Art. StGB3),weiblich,15-17,2
2019,Tötungsdelikte vollendet (Art. 111-113/116),männlich,<10,6
2019,Tötungsdelikte vollendet (Art. 111-113/116),weiblich,<10,2
2019,Tötungsdelikte vollendet (Art. 111-113/116),männlich,10-14,1
2019,Tötungsdelikte vollendet (Art. 111-113/116),weiblich,10-14,0
2019,Tötungsdelikte vollendet (Art. 111-113/116),männlich,15-17,0
2019,Tötungsdelikte vollendet (Art. 111-113/116),weiblich,15-17,0
2019,Tötungsdelikte versucht (Art. 111-113/116),männlich,<10,1
2019,Tötungsdelikte versucht (Art. 111-113/116),weiblich,<10,2
2019,Tötungsdelikte versucht (Art. 111-113/116),männlich,10-14,0
2019,Tötungsdelikte versucht (Art. 111-113/116),weiblich,10-14,0
2019,Tötungsdelikte versucht (Art. 111-113/116),männlich,15-17,1
2019,Tötungsdelikte versucht (Art. 111-113/116),weiblich,15-17,0
2019,Schwere Körperverletzung (Art. 122),männlich,<10,2
2019,Schwere Körperverletzung (Art. 122),weiblich,<10,6
2019,Schwere Körperverletzung (Art. 122),männlich,10-14,0
2019,Schwere Körperverletzung (Art. 122),weiblich,10-14,1
2019,Schwere Körperverletzung (Art. 122),männlich,15-17,1
2019,Schwere Körperverletzung (Art. 122),weiblich,15-17,1
2019,Einfache Körperverletzung (Art. 123),männlich,<10,57
2019,Einfache Körperverletzung (Art. 123),weiblich,<10,47
2019,Einfache Körperverletzung (Art. 123),männlich,10-14,43
2019,Einfache Körperverletzung (Art. 123),weiblich,10-14,61
2019,Einfache Körperverletzung (Art. 123),männlich,15-17,33
2019,Einfache Körperverletzung (Art. 123),weiblich,15-17,58
2019,Tätlichkeiten (Art. 126),männlich,<10,130
2019,Tätlichkeiten (Art. 126),weiblich,<10,114
2019,Tätlichkeiten (Art. 126),männlich,10-14,103
2019,Tätlichkeiten (Art. 126),weiblich,10-14,126
2019,Tätlichkeiten (Art. 126),männlich,15-17,95
2019,Tätlichkeiten (Art. 126),weiblich,15-17,159
2019,Gefährdung des Lebens (Art. 129),männlich,<10,5
2019,Gefährdung des Lebens (Art. 129),weiblich,<10,4
2019,Gefährdung des Lebens (Art. 129),männlich,10-14,1
2019,Gefährdung des Lebens (Art. 129),weiblich,10-14,1
2019,Gefährdung des Lebens (Art. 129),männlich,15-17,1
2019,Gefährdung des Lebens (Art. 129),weiblich,15-17,2
2019,Verabreichen gesundheitsgefährdender Stoffe an Kinder (Art. 136),männlich,<10,5
2019,Verabreichen gesundheitsgefährdender Stoffe an Kinder (Art. 136),weiblich,<10,6
2019,Verabreichen gesundheitsgefährdender Stoffe an Kinder (Art. 136),männlich,10-14,1
2019,Verabreichen gesundheitsgefährdender Stoffe an Kinder (Art. 136),weiblich,10-14,4
2019,Verabreichen gesundheitsgefährdender Stoffe an Kinder (Art. 136),männlich,15-17,1
2019,Verabreichen gesundheitsgefährdender Stoffe an Kinder (Art. 136),weiblich,15-17,1
2019,Üble Nachrede (Art. 173),männlich,<10,0
2019,Üble Nachrede (Art. 173),weiblich,<10,0
2019,Üble Nachrede (Art. 173),männlich,10-14,1
2019,Üble Nachrede (Art. 173),weiblich,10-14,1
2019,Üble Nachrede (Art. 173),männlich,15-17,1
2019,Üble Nachrede (Art. 173),weiblich,15-17,1
2019,Verleumdung (Art. 174),männlich,<10,0
2019,Verleumdung (Art. 174),weiblich,<10,0
2019,Verleumdung (Art. 174),männlich,10-14,0
2019,Verleumdung (Art. 174),weiblich,10-14,2
2019,Verleumdung (Art. 174),männlich,15-17,0
2019,Verleumdung (Art. 174),weiblich,15-17,2
2019,Beschimpfung (Art. 177),männlich,<10,18
2019,Beschimpfung (Art. 177),weiblich,<10,20
2019,Beschimpfung (Art. 177),männlich,10-14,28
2019,Beschimpfung (Art. 177),weiblich,10-14,33
2019,Beschimpfung (Art. 177),männlich,15-17,32
2019,Beschimpfung (Art. 177),weiblich,15-17,84
2019,Missbrauch einer Fernmeldeanlage (Art. 179septies),männlich,<10,0
2019,Missbrauch einer Fernmeldeanlage (Art. 179septies),weiblich,<10,3
2019,Missbrauch einer Fernmeldeanlage (Art. 179septies),männlich,10-14,0
2019,Missbrauch einer Fernmeldeanlage (Art. 179septies),weiblich,10-14,2
2019,Missbrauch einer Fernmeldeanlage (Art. 179septies),männlich,15-17,2
2019,Missbrauch einer Fernmeldeanlage (Art. 179septies),weiblich,15-17,11
2019,Drohung (Art. 180),männlich,<10,27
2019,Drohung (Art. 180),weiblich,<10,32
2019,Drohung (Art. 180),männlich,10-14,23
2019,Drohung (Art. 180),weiblich,10-14,46
2019,Drohung (Art. 180),männlich,15-17,36
2019,Drohung (Art. 180),weiblich,15-17,92
2019,Nötigung (Art. 181),männlich,<10,2
2019,Nötigung (Art. 181),weiblich,<10,4
2019,Nötigung (Art. 181),männlich,10-14,2
2019,Nötigung (Art. 181),weiblich,10-14,9
2019,Nötigung (Art. 181),männlich,15-17,5
2019,Nötigung (Art. 181),weiblich,15-17,14
2019,Freiheitsberaubung und Entführung (Art. 183/184),männlich,<10,3
2019,Freiheitsberaubung und Entführung (Art. 183/184),weiblich,<10,6
2019,Freiheitsberaubung und Entführung (Art. 183/184),männlich,10-14,5
2019,Freiheitsberaubung und Entführung (Art. 183/184),weiblich,10-14,6
2019,Freiheitsberaubung und Entführung (Art. 183/184),männlich,15-17,1
2019,Freiheitsberaubung und Entführung (Art. 183/184),weiblich,15-17,6
2019,Sexuelle Handlungen mit Kindern (Art. 187),männlich,<10,59
2019,Sexuelle Handlungen mit Kindern (Art. 187),weiblich,<10,131
2019,Sexuelle Handlungen mit Kindern (Art. 187),männlich,10-14,20
2019,Sexuelle Handlungen mit Kindern (Art. 187),weiblich,10-14,94
2019,Sexuelle Handlungen mit Kindern (Art. 187),männlich,15-17,2
2019,Sexuelle Handlungen mit Kindern (Art. 187),weiblich,15-17,45
2019,Sexuelle Handlungen mit Abhängigen (Art. 188),männlich,<10,X
2019,Sexuelle Handlungen mit Abhängigen (Art. 188),weiblich,<10,X
2019,Sexuelle Handlungen mit Abhängigen (Art. 188),männlich,10-14,X
2019,Sexuelle Handlungen mit Abhängigen (Art. 188),weiblich,10-14,X
2019,Sexuelle Handlungen mit Abhängigen (Art. 188),männlich,15-17,X
2019,Sexuelle Handlungen mit Abhängigen (Art. 188),weiblich,15-17,X
2019,Sexuelle Nötigung (Art. 189),männlich,<10,2
2019,Sexuelle Nötigung (Art. 189),weiblich,<10,6
2019,Sexuelle Nötigung (Art. 189),männlich,10-14,2
2019,Sexuelle Nötigung (Art. 189),weiblich,10-14,14
2019,Sexuelle Nötigung (Art. 189),männlich,15-17,0
2019,Sexuelle Nötigung (Art. 189),weiblich,15-17,15
2019,Vergewaltigung (Art. 190),männlich,<10,X
2019,Vergewaltigung (Art. 190),weiblich,<10,6
2019,Vergewaltigung (Art. 190),männlich,10-14,X
2019,Vergewaltigung (Art. 190),weiblich,10-14,16
2019,Vergewaltigung (Art. 190),männlich,15-17,X
2019,Vergewaltigung (Art. 190),weiblich,15-17,16
2019,Schändung (Art. 191),männlich,<10,X
2019,Schändung (Art. 191),weiblich,<10,2
2019,Schändung (Art. 191),männlich,10-14,X
2019,Schändung (Art. 191),weiblich,10-14,2
2019,Schändung (Art. 191),männlich,15-17,X
2019,Schändung (Art. 191),weiblich,15-17,2
2019,Sexuelle Belästigungen (Art. 198),männlich,<10,0
2019,Sexuelle Belästigungen (Art. 198),weiblich,<10,0
2019,Sexuelle Belästigungen (Art. 198),männlich,10-14,1
2019,Sexuelle Belästigungen (Art. 198),weiblich,10-14,4
2019,Sexuelle Belästigungen (Art. 198),männlich,15-17,3
2019,Sexuelle Belästigungen (Art. 198),weiblich,15-17,5
2019,übrige Art. StGB3),männlich,<10,5
2019,übrige Art. StGB3),weiblich,<10,4
2019,übrige Art. StGB3),männlich,10-14,0
2019,übrige Art. StGB3),weiblich,10-14,1
2019,übrige Art. StGB3),männlich,15-17,0
2019,übrige Art. StGB3),weiblich,15-17,3
2018,Tötungsdelikte vollendet (Art. 111-113/116),männlich,<10,X
2018,Tötungsdelikte vollendet (Art. 111-113/116),weiblich,<10,2
2018,Tötungsdelikte vollendet (Art. 111-113/116),männlich,10-14,X
2018,Tötungsdelikte vollendet (Art. 111-113/116),weiblich,10-14,0
2018,Tötungsdelikte vollendet (Art. 111-113/116),männlich,15-17,X
2018,Tötungsdelikte vollendet (Art. 111-113/116),weiblich,15-17,0
2018,Tötungsdelikte versucht (Art. 111-113/116),männlich,<10,0
2018,Tötungsdelikte versucht (Art. 111-113/116),weiblich,<10,3
2018,Tötungsdelikte versucht (Art. 111-113/116),männlich,10-14,0
2018,Tötungsdelikte versucht (Art. 111-113/116),weiblich,10-14,0
2018,Tötungsdelikte versucht (Art. 111-113/116),männlich,15-17,1
2018,Tötungsdelikte versucht (Art. 111-113/116),weiblich,15-17,2
2018,Schwere Körperverletzung (Art. 122),männlich,<10,4
2018,Schwere Körperverletzung (Art. 122),weiblich,<10,1
2018,Schwere Körperverletzung (Art. 122),männlich,10-14,1
2018,Schwere Körperverletzung (Art. 122),weiblich,10-14,1
2018,Schwere Körperverletzung (Art. 122),männlich,15-17,0
2018,Schwere Körperverletzung (Art. 122),weiblich,15-17,3
2018,Einfache Körperverletzung (Art. 123),männlich,<10,49
2018,Einfache Körperverletzung (Art. 123),weiblich,<10,43
2018,Einfache Körperverletzung (Art. 123),männlich,10-14,49
2018,Einfache Körperverletzung (Art. 123),weiblich,10-14,41
2018,Einfache Körperverletzung (Art. 123),männlich,15-17,25
2018,Einfache Körperverletzung (Art. 123),weiblich,15-17,54
2018,Tätlichkeiten (Art. 126),männlich,<10,139
2018,Tätlichkeiten (Art. 126),weiblich,<10,98
2018,Tätlichkeiten (Art. 126),männlich,10-14,104
2018,Tätlichkeiten (Art. 126),weiblich,10-14,112
2018,Tätlichkeiten (Art. 126),männlich,15-17,79
2018,Tätlichkeiten (Art. 126),weiblich,15-17,131
2018,Gefährdung des Lebens (Art. 129),männlich,<10,2
2018,Gefährdung des Lebens (Art. 129),weiblich,<10,4
2018,Gefährdung des Lebens (Art. 129),männlich,10-14,1
2018,Gefährdung des Lebens (Art. 129),weiblich,10-14,4
2018,Gefährdung des Lebens (Art. 129),männlich,15-17,0
2018,Gefährdung des Lebens (Art. 129),weiblich,15-17,3
2018,Verabreichen gesundheitsgefährdender Stoffe an Kinder (Art. 136),männlich,<10,X
2018,Verabreichen gesundheitsgefährdender Stoffe an Kinder (Art. 136),weiblich,<10,3
2018,Verabreichen gesundheitsgefährdender Stoffe an Kinder (Art. 136),männlich,10-14,X
2018,Verabreichen gesundheitsgefährdender Stoffe an Kinder (Art. 136),weiblich,10-14,2
2018,Verabreichen gesundheitsgefährdender Stoffe an Kinder (Art. 136),männlich,15-17,X
2018,Verabreichen gesundheitsgefährdender Stoffe an Kinder (Art. 136),weiblich,15-17,4
2018,Üble Nachrede (Art. 173),männlich,<10,0
2018,Üble Nachrede (Art. 173),weiblich,<10,1
2018,Üble Nachrede (Art. 173),männlich,10-14,1
2018,Üble Nachrede (Art. 173),weiblich,10-14,0
2018,Üble Nachrede (Art. 173),männlich,15-17,0
2018,Üble Nachrede (Art. 173),weiblich,15-17,1
2018,Verleumdung (Art. 174),männlich,<10,0
2018,Verleumdung (Art. 174),weiblich,<10,0
2018,Verleumdung (Art. 174),männlich,10-14,0
2018,Verleumdung (Art. 174),weiblich,10-14,1
2018,Verleumdung (Art. 174),männlich,15-17,0
2018,Verleumdung (Art. 174),weiblich,15-17,3
2018,Beschimpfung (Art. 177),männlich,<10,21
2018,Beschimpfung (Art. 177),weiblich,<10,17
2018,Beschimpfung (Art. 177),männlich,10-14,22
2018,Beschimpfung (Art. 177),weiblich,10-14,26
2018,Beschimpfung (Art. 177),männlich,15-17,24
2018,Beschimpfung (Art. 177),weiblich,15-17,68
2018,Missbrauch einer Fernmeldeanlage (Art. 179septies),männlich,<10,1
2018,Missbrauch einer Fernmeldeanlage (Art. 179septies),weiblich,<10,1
2018,Missbrauch einer Fernmeldeanlage (Art. 179septies),männlich,10-14,1
2018,Missbrauch einer Fernmeldeanlage (Art. 179septies),weiblich,10-14,3
2018,Missbrauch einer Fernmeldeanlage (Art. 179septies),männlich,15-17,0
2018,Missbrauch einer Fernmeldeanlage (Art. 179septies),weiblich,15-17,14
2018,Drohung (Art. 180),männlich,<10,22
2018,Drohung (Art. 180),weiblich,<10,23
2018,Drohung (Art. 180),männlich,10-14,31
2018,Drohung (Art. 180),weiblich,10-14,35
2018,Drohung (Art. 180),männlich,15-17,30
2018,Drohung (Art. 180),weiblich,15-17,68
2018,Nötigung (Art. 181),männlich,<10,3
2018,Nötigung (Art. 181),weiblich,<10,4
2018,Nötigung (Art. 181),männlich,10-14,8
2018,Nötigung (Art. 181),weiblich,10-14,8
2018,Nötigung (Art. 181),männlich,15-17,1
2018,Nötigung (Art. 181),weiblich,15-17,28
2018,Freiheitsberaubung und Entführung (Art. 183/184),männlich,<10,8
2018,Freiheitsberaubung und Entführung (Art. 183/184),weiblich,<10,6
2018,Freiheitsberaubung und Entführung (Art. 183/184),männlich,10-14,2
2018,Freiheitsberaubung und Entführung (Art. 183/184),weiblich,10-14,6
2018,Freiheitsberaubung und Entführung (Art. 183/184),männlich,15-17,1
2018,Freiheitsberaubung und Entführung (Art. 183/184),weiblich,15-17,7
2018,Sexuelle Handlungen mit Kindern (Art. 187),männlich,<10,56
2018,Sexuelle Handlungen mit Kindern (Art. 187),weiblich,<10,125
2018,Sexuelle Handlungen mit Kindern (Art. 187),männlich,10-14,25
2018,Sexuelle Handlungen mit Kindern (Art. 187),weiblich,10-14,106
2018,Sexuelle Handlungen mit Kindern (Art. 187),männlich,15-17,7
2018,Sexuelle Handlungen mit Kindern (Art. 187),weiblich,15-17,52
2018,Sexuelle Handlungen mit Abhängigen (Art. 188),männlich,<10,X
2018,Sexuelle Handlungen mit Abhängigen (Art. 188),weiblich,<10,X
2018,Sexuelle Handlungen mit Abhängigen (Art. 188),männlich,10-14,X
2018,Sexuelle Handlungen mit Abhängigen (Art. 188),weiblich,10-14,X
2018,Sexuelle Handlungen mit Abhängigen (Art. 188),männlich,15-17,X
2018,Sexuelle Handlungen mit Abhängigen (Art. 188),weiblich,15-17,X
2018,Sexuelle Nötigung (Art. 189),männlich,<10,4
2018,Sexuelle Nötigung (Art. 189),weiblich,<10,10
2018,Sexuelle Nötigung (Art. 189),männlich,10-14,0
2018,Sexuelle Nötigung (Art. 189),weiblich,10-14,16
2018,Sexuelle Nötigung (Art. 189),männlich,15-17,1
2018,Sexuelle Nötigung (Art. 189),weiblich,15-17,11
2018,Vergewaltigung (Art. 190),männlich,<10,0
2018,Vergewaltigung (Art. 190),weiblich,<10,1
2018,Vergewaltigung (Art. 190),männlich,10-14,0
2018,Vergewaltigung (Art. 190),weiblich,10-14,11
2018,Vergewaltigung (Art. 190),männlich,15-17,0
2018,Vergewaltigung (Art. 190),weiblich,15-17,15
2018,Schändung (Art. 191),männlich,<10,3
2018,Schändung (Art. 191),weiblich,<10,2
2018,Schändung (Art. 191),männlich,10-14,2
2018,Schändung (Art. 191),weiblich,10-14,1
2018,Schändung (Art. 191),männlich,15-17,1
2018,Schändung (Art. 191),weiblich,15-17,4
2018,Sexuelle Belästigungen (Art. 198),männlich,<10,2
2018,Sexuelle Belästigungen (Art. 198),weiblich,<10,1
2018,Sexuelle Belästigungen (Art. 198),männlich,10-14,1
2018,Sexuelle Belästigungen (Art. 198),weiblich,10-14,6
2018,Sexuelle Belästigungen (Art. 198),männlich,15-17,0
2018,Sexuelle Belästigungen (Art. 198),weiblich,15-17,5
2018,übrige Art. StGB3),männlich,<10,2
2018,übrige Art. StGB3),weiblich,<10,1
2018,übrige Art. StGB3),männlich,10-14,0
2018,übrige Art. StGB3),weiblich,10-14,2
2018,übrige Art. StGB3),männlich,15-17,0
2018,übrige Art. StGB3),weiblich,15-17,1
2017,Tötungsdelikte vollendet (Art. 111-113/116),männlich,<10,0
2017,Tötungsdelikte vollendet (Art. 111-113/116),weiblich,<10,0
2017,Tötungsdelikte vollendet (Art. 111-113/116),männlich,10-14,0
2017,Tötungsdelikte vollendet (Art. 111-113/116),weiblich,10-14,0
2017,Tötungsdelikte vollendet (Art. 111-113/116),männlich,15-17,0
2017,Tötungsdelikte vollendet (Art. 111-113/116),weiblich,15-17,0
2017,Tötungsdelikte versucht (Art. 111-113/116),männlich,<10,7
2017,Tötungsdelikte versucht (Art. 111-113/116),weiblich,<10,1
2017,Tötungsdelikte versucht (Art. 111-113/116),männlich,10-14,0
2017,Tötungsdelikte versucht (Art. 111-113/116),weiblich,10-14,0
2017,Tötungsdelikte versucht (Art. 111-113/116),männlich,15-17,0
2017,Tötungsdelikte versucht (Art. 111-113/116),weiblich,15-17,0
2017,Schwere Körperverletzung (Art. 122),männlich,<10,4
2017,Schwere Körperverletzung (Art. 122),weiblich,<10,1
2017,Schwere Körperverletzung (Art. 122),männlich,10-14,2
2017,Schwere Körperverletzung (Art. 122),weiblich,10-14,2
2017,Schwere Körperverletzung (Art. 122),männlich,15-17,0
2017,Schwere Körperverletzung (Art. 122),weiblich,15-17,2
2017,Einfache Körperverletzung (Art. 123),männlich,<10,68
2017,Einfache Körperverletzung (Art. 123),weiblich,<10,50
2017,Einfache Körperverletzung (Art. 123),männlich,10-14,44
2017,Einfache Körperverletzung (Art. 123),weiblich,10-14,52
2017,Einfache Körperverletzung (Art. 123),männlich,15-17,19
2017,Einfache Körperverletzung (Art. 123),weiblich,15-17,52
2017,Tätlichkeiten (Art. 126),männlich,<10,113
2017,Tätlichkeiten (Art. 126),weiblich,<10,98
2017,Tätlichkeiten (Art. 126),männlich,10-14,108
2017,Tätlichkeiten (Art. 126),weiblich,10-14,120
2017,Tätlichkeiten (Art. 126),männlich,15-17,60
2017,Tätlichkeiten (Art. 126),weiblich,15-17,122
2017,Gefährdung des Lebens (Art. 129),männlich,<10,1
2017,Gefährdung des Lebens (Art. 129),weiblich,<10,3
2017,Gefährdung des Lebens (Art. 129),männlich,10-14,0
2017,Gefährdung des Lebens (Art. 129),weiblich,10-14,1
2017,Gefährdung des Lebens (Art. 129),männlich,15-17,2
2017,Gefährdung des Lebens (Art. 129),weiblich,15-17,3
2017,Verabreichen gesundheitsgefährdender Stoffe an Kinder (Art. 136),männlich,<10,1
2017,Verabreichen gesundheitsgefährdender Stoffe an Kinder (Art. 136),weiblich,<10,2
2017,Verabreichen gesundheitsgefährdender Stoffe an Kinder (Art. 136),männlich,10-14,2
2017,Verabreichen gesundheitsgefährdender Stoffe an Kinder (Art. 136),weiblich,10-14,0
2017,Verabreichen gesundheitsgefährdender Stoffe an Kinder (Art. 136),männlich,15-17,2
2017,Verabreichen gesundheitsgefährdender Stoffe an Kinder (Art. 136),weiblich,15-17,1
2017,Üble Nachrede (Art. 173),männlich,<10,0
2017,Üble Nachrede (Art. 173),weiblich,<10,0
2017,Üble Nachrede (Art. 173),männlich,10-14,0
2017,Üble Nachrede (Art. 173),weiblich,10-14,1
2017,Üble Nachrede (Art. 173),männlich,15-17,0
2017,Üble Nachrede (Art. 173),weiblich,15-17,4
2017,Verleumdung (Art. 174),männlich,<10,0
2017,Verleumdung (Art. 174),weiblich,<10,0
2017,Verleumdung (Art. 174),männlich,10-14,1
2017,Verleumdung (Art. 174),weiblich,10-14,1
2017,Verleumdung (Art. 174),männlich,15-17,0
2017,Verleumdung (Art. 174),weiblich,15-17,4
2017,Beschimpfung (Art. 177),männlich,<10,11
2017,Beschimpfung (Art. 177),weiblich,<10,15
2017,Beschimpfung (Art. 177),männlich,10-14,23
2017,Beschimpfung (Art. 177),weiblich,10-14,34
2017,Beschimpfung (Art. 177),männlich,15-17,24
2017,Beschimpfung (Art. 177),weiblich,15-17,74
2017,Missbrauch einer Fernmeldeanlage (Art. 179septies),männlich,<10,1
2017,Missbrauch einer Fernmeldeanlage (Art. 179septies),weiblich,<10,2
2017,Missbrauch einer Fernmeldeanlage (Art. 179septies),männlich,10-14,0
2017,Missbrauch einer Fernmeldeanlage (Art. 179septies),weiblich,10-14,5
2017,Missbrauch einer Fernmeldeanlage (Art. 179septies),männlich,15-17,0
2017,Missbrauch einer Fernmeldeanlage (Art. 179septies),weiblich,15-17,14
2017,Drohung (Art. 180),männlich,<10,36
2017,Drohung (Art. 180),weiblich,<10,26
2017,Drohung (Art. 180),männlich,10-14,28
2017,Drohung (Art. 180),weiblich,10-14,50
2017,Drohung (Art. 180),männlich,15-17,33
2017,Drohung (Art. 180),weiblich,15-17,87
2017,Nötigung (Art. 181),männlich,<10,7
2017,Nötigung (Art. 181),weiblich,<10,7
2017,Nötigung (Art. 181),männlich,10-14,5
2017,Nötigung (Art. 181),weiblich,10-14,13
2017,Nötigung (Art. 181),männlich,15-17,2
2017,Nötigung (Art. 181),weiblich,15-17,18
2017,Freiheitsberaubung und Entführung (Art. 183/184),männlich,<10,4
2017,Freiheitsberaubung und Entführung (Art. 183/184),weiblich,<10,5
2017,Freiheitsberaubung und Entführung (Art. 183/184),männlich,10-14,2
2017,Freiheitsberaubung und Entführung (Art. 183/184),weiblich,10-14,3
2017,Freiheitsberaubung und Entführung (Art. 183/184),männlich,15-17,1
2017,Freiheitsberaubung und Entführung (Art. 183/184),weiblich,15-17,5
2017,Sexuelle Handlungen mit Kindern (Art. 187),männlich,<10,48
2017,Sexuelle Handlungen mit Kindern (Art. 187),weiblich,<10,109
2017,Sexuelle Handlungen mit Kindern (Art. 187),männlich,10-14,17
2017,Sexuelle Handlungen mit Kindern (Art. 187),weiblich,10-14,76
2017,Sexuelle Handlungen mit Kindern (Art. 187),männlich,15-17,7
2017,Sexuelle Handlungen mit Kindern (Art. 187),weiblich,15-17,28
2017,Sexuelle Handlungen mit Abhängigen (Art. 188),männlich,<10,0
2017,Sexuelle Handlungen mit Abhängigen (Art. 188),weiblich,<10,0
2017,Sexuelle Handlungen mit Abhängigen (Art. 188),männlich,10-14,0
2017,Sexuelle Handlungen mit Abhängigen (Art. 188),weiblich,10-14,0
2017,Sexuelle Handlungen mit Abhängigen (Art. 188),männlich,15-17,0
2017,Sexuelle Handlungen mit Abhängigen (Art. 188),weiblich,15-17,5
2017,Sexuelle Nötigung (Art. 189),männlich,<10,3
2017,Sexuelle Nötigung (Art. 189),weiblich,<10,10
2017,Sexuelle Nötigung (Art. 189),männlich,10-14,3
2017,Sexuelle Nötigung (Art. 189),weiblich,10-14,14
2017,Sexuelle Nötigung (Art. 189),männlich,15-17,1
2017,Sexuelle Nötigung (Art. 189),weiblich,15-17,12
2017,Vergewaltigung (Art. 190),männlich,<10,0
2017,Vergewaltigung (Art. 190),weiblich,<10,2
2017,Vergewaltigung (Art. 190),männlich,10-14,0
2017,Vergewaltigung (Art. 190),weiblich,10-14,8
2017,Vergewaltigung (Art. 190),männlich,15-17,0
2017,Vergewaltigung (Art. 190),weiblich,15-17,17
2017,Schändung (Art. 191),männlich,<10,X
2017,Schändung (Art. 191),weiblich,<10,6
2017,Schändung (Art. 191),männlich,10-14,X
2017,Schändung (Art. 191),weiblich,10-14,2
2017,Schändung (Art. 191),männlich,15-17,X
2017,Schändung (Art. 191),weiblich,15-17,1
2017,Sexuelle Belästigungen (Art. 198),männlich,<10,2
2017,Sexuelle Belästigungen (Art. 198),weiblich,<10,0
2017,Sexuelle Belästigungen (Art. 198),männlich,10-14,0
2017,Sexuelle Belästigungen (Art. 198),weiblich,10-14,0
2017,Sexuelle Belästigungen (Art. 198),männlich,15-17,1
2017,Sexuelle Belästigungen (Art. 198),weiblich,15-17,6
2017,übrige Art. StGB3),männlich,<10,6
2017,übrige Art. StGB3),weiblich,<10,3
2017,übrige Art. StGB3),männlich,10-14,0
2017,übrige Art. StGB3),weiblich,10-14,2
2017,übrige Art. StGB3),männlich,15-17,0
2017,übrige Art. StGB3),weiblich,15-17,2
2016,Tötungsdelikte vollendet (Art. 111-113/116),männlich,<10,X
2016,Tötungsdelikte vollendet (Art. 111-113/116),weiblich,<10,1
2016,Tötungsdelikte vollendet (Art. 111-113/116),männlich,10-14,X
2016,Tötungsdelikte vollendet (Art. 111-113/116),weiblich,10-14,0
2016,Tötungsdelikte vollendet (Art. 111-113/116),männlich,15-17,X
2016,Tötungsdelikte vollendet (Art. 111-113/116),weiblich,15-17,0
2016,Tötungsdelikte versucht (Art. 111-113/116),männlich,<10,3
2016,Tötungsdelikte versucht (Art. 111-113/116),weiblich,<10,1
2016,Tötungsdelikte versucht (Art. 111-113/116),männlich,10-14,0
2016,Tötungsdelikte versucht (Art. 111-113/116),weiblich,10-14,1
2016,Tötungsdelikte versucht (Art. 111-113/116),männlich,15-17,0
2016,Tötungsdelikte versucht (Art. 111-113/116),weiblich,15-17,0
2016,Schwere Körperverletzung (Art. 122),männlich,<10,3
2016,Schwere Körperverletzung (Art. 122),weiblich,<10,4
2016,Schwere Körperverletzung (Art. 122),männlich,10-14,0
2016,Schwere Körperverletzung (Art. 122),weiblich,10-14,3
2016,Schwere Körperverletzung (Art. 122),männlich,15-17,1
2016,Schwere Körperverletzung (Art. 122),weiblich,15-17,3
2016,Einfache Körperverletzung (Art. 123),männlich,<10,43
2016,Einfache Körperverletzung (Art. 123),weiblich,<10,31
2016,Einfache Körperverletzung (Art. 123),männlich,10-14,46
2016,Einfache Körperverletzung (Art. 123),weiblich,10-14,44
2016,Einfache Körperverletzung (Art. 123),männlich,15-17,16
2016,Einfache Körperverletzung (Art. 123),weiblich,15-17,69
2016,Tätlichkeiten (Art. 126),männlich,<10,86
2016,Tätlichkeiten (Art. 126),weiblich,<10,70
2016,Tätlichkeiten (Art. 126),männlich,10-14,85
2016,Tätlichkeiten (Art. 126),weiblich,10-14,96
2016,Tätlichkeiten (Art. 126),männlich,15-17,67
2016,Tätlichkeiten (Art. 126),weiblich,15-17,147
2016,Gefährdung des Lebens (Art. 129),männlich,<10,3
2016,Gefährdung des Lebens (Art. 129),weiblich,<10,3
2016,Gefährdung des Lebens (Art. 129),männlich,10-14,2
2016,Gefährdung des Lebens (Art. 129),weiblich,10-14,4
2016,Gefährdung des Lebens (Art. 129),männlich,15-17,0
2016,Gefährdung des Lebens (Art. 129),weiblich,15-17,6
2016,Verabreichen gesundheitsgefährdender Stoffe an Kinder (Art. 136),männlich,<10,0
2016,Verabreichen gesundheitsgefährdender Stoffe an Kinder (Art. 136),weiblich,<10,1
2016,Verabreichen gesundheitsgefährdender Stoffe an Kinder (Art. 136),männlich,10-14,1
2016,Verabreichen gesundheitsgefährdender Stoffe an Kinder (Art. 136),weiblich,10-14,3
2016,Verabreichen gesundheitsgefährdender Stoffe an Kinder (Art. 136),männlich,15-17,3
2016,Verabreichen gesundheitsgefährdender Stoffe an Kinder (Art. 136),weiblich,15-17,5
2016,Üble Nachrede (Art. 173),männlich,<10,0
2016,Üble Nachrede (Art. 173),weiblich,<10,0
2016,Üble Nachrede (Art. 173),männlich,10-14,0
2016,Üble Nachrede (Art. 173),weiblich,10-14,0
2016,Üble Nachrede (Art. 173),männlich,15-17,0
2016,Üble Nachrede (Art. 173),weiblich,15-17,5
2016,Verleumdung (Art. 174),männlich,<10,0
2016,Verleumdung (Art. 174),weiblich,<10,0
2016,Verleumdung (Art. 174),männlich,10-14,2
2016,Verleumdung (Art. 174),weiblich,10-14,1
2016,Verleumdung (Art. 174),männlich,15-17,2
2016,Verleumdung (Art. 174),weiblich,15-17,1
2016,Beschimpfung (Art. 177),männlich,<10,6
2016,Beschimpfung (Art. 177),weiblich,<10,6
2016,Beschimpfung (Art. 177),männlich,10-14,18
2016,Beschimpfung (Art. 177),weiblich,10-14,29
2016,Beschimpfung (Art. 177),männlich,15-17,20
2016,Beschimpfung (Art. 177),weiblich,15-17,72
2016,Missbrauch einer Fernmeldeanlage (Art. 179septies),männlich,<10,0
2016,Missbrauch einer Fernmeldeanlage (Art. 179septies),weiblich,<10,0
2016,Missbrauch einer Fernmeldeanlage (Art. 179septies),männlich,10-14,2
2016,Missbrauch einer Fernmeldeanlage (Art. 179septies),weiblich,10-14,3
2016,Missbrauch einer Fernmeldeanlage (Art. 179septies),männlich,15-17,0
2016,Missbrauch einer Fernmeldeanlage (Art. 179septies),weiblich,15-17,19
2016,Drohung (Art. 180),männlich,<10,31
2016,Drohung (Art. 180),weiblich,<10,27
2016,Drohung (Art. 180),männlich,10-14,40
2016,Drohung (Art. 180),weiblich,10-14,47
2016,Drohung (Art. 180),männlich,15-17,27
2016,Drohung (Art. 180),weiblich,15-17,91
2016,Nötigung (Art. 181),männlich,<10,8
2016,Nötigung (Art. 181),weiblich,<10,2
2016,Nötigung (Art. 181),männlich,10-14,4
2016,Nötigung (Art. 181),weiblich,10-14,10
2016,Nötigung (Art. 181),männlich,15-17,4
2016,Nötigung (Art. 181),weiblich,15-17,22
2016,Freiheitsberaubung und Entführung (Art. 183/184),männlich,<10,2
2016,Freiheitsberaubung und Entführung (Art. 183/184),weiblich,<10,5
2016,Freiheitsberaubung und Entführung (Art. 183/184),männlich,10-14,2
2016,Freiheitsberaubung und Entführung (Art. 183/184),weiblich,10-14,4
2016,Freiheitsberaubung und Entführung (Art. 183/184),männlich,15-17,0
2016,Freiheitsberaubung und Entführung (Art. 183/184),weiblich,15-17,7
2016,Sexuelle Handlungen mit Kindern (Art. 187),männlich,<10,38
2016,Sexuelle Handlungen mit Kindern (Art. 187),weiblich,<10,110
2016,Sexuelle Handlungen mit Kindern (Art. 187),männlich,10-14,16
2016,Sexuelle Handlungen mit Kindern (Art. 187),weiblich,10-14,102
2016,Sexuelle Handlungen mit Kindern (Art. 187),männlich,15-17,5
2016,Sexuelle Handlungen mit Kindern (Art. 187),weiblich,15-17,56
2016,Sexuelle Handlungen mit Abhängigen (Art. 188),männlich,<10,X
2016,Sexuelle Handlungen mit Abhängigen (Art. 188),weiblich,<10,X
2016,Sexuelle Handlungen mit Abhängigen (Art. 188),männlich,10-14,X
2016,Sexuelle Handlungen mit Abhängigen (Art. 188),weiblich,10-14,X
2016,Sexuelle Handlungen mit Abhängigen (Art. 188),männlich,15-17,X
2016,Sexuelle Handlungen mit Abhängigen (Art. 188),weiblich,15-17,X
2016,Sexuelle Nötigung (Art. 189),männlich,<10,5
2016,Sexuelle Nötigung (Art. 189),weiblich,<10,9
2016,Sexuelle Nötigung (Art. 189),männlich,10-14,2
2016,Sexuelle Nötigung (Art. 189),weiblich,10-14,17
2016,Sexuelle Nötigung (Art. 189),männlich,15-17,1
2016,Sexuelle Nötigung (Art. 189),weiblich,15-17,17
2016,Vergewaltigung (Art. 190),männlich,<10,0
2016,Vergewaltigung (Art. 190),weiblich,<10,3
2016,Vergewaltigung (Art. 190),männlich,10-14,0
2016,Vergewaltigung (Art. 190),weiblich,10-14,12
2016,Vergewaltigung (Art. 190),männlich,15-17,0
2016,Vergewaltigung (Art. 190),weiblich,15-17,15
2016,Schändung (Art. 191),männlich,<10,4
2016,Schändung (Art. 191),weiblich,<10,10
2016,Schändung (Art. 191),männlich,10-14,0
2016,Schändung (Art. 191),weiblich,10-14,3
2016,Schändung (Art. 191),männlich,15-17,1
2016,Schändung (Art. 191),weiblich,15-17,5
2016,Sexuelle Belästigungen (Art. 198),männlich,<10,X
2016,Sexuelle Belästigungen (Art. 198),weiblich,<10,1
2016,Sexuelle Belästigungen (Art. 198),männlich,10-14,X
2016,Sexuelle Belästigungen (Art. 198),weiblich,10-14,1
2016,Sexuelle Belästigungen (Art. 198),männlich,15-17,X
2016,Sexuelle Belästigungen (Art. 198),weiblich,15-17,7
2016,übrige Art. StGB3),männlich,<10,3
2016,übrige Art. StGB3),weiblich,<10,4
2016,übrige Art. StGB3),männlich,10-14,0
2016,übrige Art. StGB3),weiblich,10-14,1
2016,übrige Art. StGB3),männlich,15-17,0
2016,übrige Art. StGB3),weiblich,15-17,0
2015,Tötungsdelikte vollendet (Art. 111-113/116),männlich,<10,5
2015,Tötungsdelikte vollendet (Art. 111-113/116),weiblich,<10,3
2015,Tötungsdelikte vollendet (Art. 111-113/116),männlich,10-14,0
2015,Tötungsdelikte vollendet (Art. 111-113/116),weiblich,10-14,0
2015,Tötungsdelikte vollendet (Art. 111-113/116),männlich,15-17,0
2015,Tötungsdelikte vollendet (Art. 111-113/116),weiblich,15-17,0
2015,Tötungsdelikte versucht (Art. 111-113/116),männlich,<10,2
2015,Tötungsdelikte versucht (Art. 111-113/116),weiblich,<10,0
2015,Tötungsdelikte versucht (Art. 111-113/116),männlich,10-14,0
2015,Tötungsdelikte versucht (Art. 111-113/116),weiblich,10-14,0
2015,Tötungsdelikte versucht (Art. 111-113/116),männlich,15-17,2
2015,Tötungsdelikte versucht (Art. 111-113/116),weiblich,15-17,0
2015,Schwere Körperverletzung (Art. 122),männlich,<10,2
2015,Schwere Körperverletzung (Art. 122),weiblich,<10,8
2015,Schwere Körperverletzung (Art. 122),männlich,10-14,2
2015,Schwere Körperverletzung (Art. 122),weiblich,10-14,1
2015,Schwere Körperverletzung (Art. 122),männlich,15-17,1
2015,Schwere Körperverletzung (Art. 122),weiblich,15-17,1
2015,Einfache Körperverletzung (Art. 123),männlich,<10,34
2015,Einfache Körperverletzung (Art. 123),weiblich,<10,33
2015,Einfache Körperverletzung (Art. 123),männlich,10-14,37
2015,Einfache Körperverletzung (Art. 123),weiblich,10-14,38
2015,Einfache Körperverletzung (Art. 123),männlich,15-17,27
2015,Einfache Körperverletzung (Art. 123),weiblich,15-17,52
2015,Tätlichkeiten (Art. 126),männlich,<10,100
2015,Tätlichkeiten (Art. 126),weiblich,<10,64
2015,Tätlichkeiten (Art. 126),männlich,10-14,94
2015,Tätlichkeiten (Art. 126),weiblich,10-14,110
2015,Tätlichkeiten (Art. 126),männlich,15-17,55
2015,Tätlichkeiten (Art. 126),weiblich,15-17,129
2015,Gefährdung des Lebens (Art. 129),männlich,<10,4
2015,Gefährdung des Lebens (Art. 129),weiblich,<10,2
2015,Gefährdung des Lebens (Art. 129),männlich,10-14,2
2015,Gefährdung des Lebens (Art. 129),weiblich,10-14,2
2015,Gefährdung des Lebens (Art. 129),männlich,15-17,0
2015,Gefährdung des Lebens (Art. 129),weiblich,15-17,2
2015,Verabreichen gesundheitsgefährdender Stoffe an Kinder (Art. 136),männlich,<10,3
2015,Verabreichen gesundheitsgefährdender Stoffe an Kinder (Art. 136),weiblich,<10,4
2015,Verabreichen gesundheitsgefährdender Stoffe an Kinder (Art. 136),männlich,10-14,1
2015,Verabreichen gesundheitsgefährdender Stoffe an Kinder (Art. 136),weiblich,10-14,0
2015,Verabreichen gesundheitsgefährdender Stoffe an Kinder (Art. 136),männlich,15-17,0
2015,Verabreichen gesundheitsgefährdender Stoffe an Kinder (Art. 136),weiblich,15-17,1
2015,Üble Nachrede (Art. 173),männlich,<10,1
2015,Üble Nachrede (Art. 173),weiblich,<10,0
2015,Üble Nachrede (Art. 173),männlich,10-14,0
2015,Üble Nachrede (Art. 173),weiblich,10-14,3
2015,Üble Nachrede (Art. 173),männlich,15-17,2
2015,Üble Nachrede (Art. 173),weiblich,15-17,1
2015,Verleumdung (Art. 174),männlich,<10,2
2015,Verleumdung (Art. 174),weiblich,<10,1
2015,Verleumdung (Art. 174),männlich,10-14,1
2015,Verleumdung (Art. 174),weiblich,10-14,0
2015,Verleumdung (Art. 174),männlich,15-17,0
2015,Verleumdung (Art. 174),weiblich,15-17,1
2015,Beschimpfung (Art. 177),männlich,<10,11
2015,Beschimpfung (Art. 177),weiblich,<10,7
2015,Beschimpfung (Art. 177),männlich,10-14,16
2015,Beschimpfung (Art. 177),weiblich,10-14,23
2015,Beschimpfung (Art. 177),männlich,15-17,18
2015,Beschimpfung (Art. 177),weiblich,15-17,67
2015,Missbrauch einer Fernmeldeanlage (Art. 179septies),männlich,<10,2
2015,Missbrauch einer Fernmeldeanlage (Art. 179septies),weiblich,<10,1
2015,Missbrauch einer Fernmeldeanlage (Art. 179septies),männlich,10-14,0
2015,Missbrauch einer Fernmeldeanlage (Art. 179septies),weiblich,10-14,3
2015,Missbrauch einer Fernmeldeanlage (Art. 179septies),männlich,15-17,3
2015,Missbrauch einer Fernmeldeanlage (Art. 179septies),weiblich,15-17,19
2015,Drohung (Art. 180),männlich,<10,23
2015,Drohung (Art. 180),weiblich,<10,29
2015,Drohung (Art. 180),männlich,10-14,31
2015,Drohung (Art. 180),weiblich,10-14,46
2015,Drohung (Art. 180),männlich,15-17,31
2015,Drohung (Art. 180),weiblich,15-17,105
2015,Nötigung (Art. 181),männlich,<10,9
2015,Nötigung (Art. 181),weiblich,<10,0
2015,Nötigung (Art. 181),männlich,10-14,9
2015,Nötigung (Art. 181),weiblich,10-14,13
2015,Nötigung (Art. 181),männlich,15-17,5
2015,Nötigung (Art. 181),weiblich,15-17,29
2015,Freiheitsberaubung und Entführung (Art. 183/184),männlich,<10,3
2015,Freiheitsberaubung und Entführung (Art. 183/184),weiblich,<10,5
2015,Freiheitsberaubung und Entführung (Art. 183/184),männlich,10-14,1
2015,Freiheitsberaubung und Entführung (Art. 183/184),weiblich,10-14,3
2015,Freiheitsberaubung und Entführung (Art. 183/184),männlich,15-17,4
2015,Freiheitsberaubung und Entführung (Art. 183/184),weiblich,15-17,10
2015,Sexuelle Handlungen mit Kindern (Art. 187),männlich,<10,41
2015,Sexuelle Handlungen mit Kindern (Art. 187),weiblich,<10,124
2015,Sexuelle Handlungen mit Kindern (Art. 187),männlich,10-14,19
2015,Sexuelle Handlungen mit Kindern (Art. 187),weiblich,10-14,81
2015,Sexuelle Handlungen mit Kindern (Art. 187),männlich,15-17,4
2015,Sexuelle Handlungen mit Kindern (Art. 187),weiblich,15-17,51
2015,Sexuelle Handlungen mit Abhängigen (Art. 188),männlich,<10,0
2015,Sexuelle Handlungen mit Abhängigen (Art. 188),weiblich,<10,0
2015,Sexuelle Handlungen mit Abhängigen (Art. 188),männlich,10-14,0
2015,Sexuelle Handlungen mit Abhängigen (Art. 188),weiblich,10-14,0
2015,Sexuelle Handlungen mit Abhängigen (Art. 188),männlich,15-17,0
2015,Sexuelle Handlungen mit Abhängigen (Art. 188),weiblich,15-17,5
2015,Sexuelle Nötigung (Art. 189),männlich,<10,6
2015,Sexuelle Nötigung (Art. 189),weiblich,<10,8
2015,Sexuelle Nötigung (Art. 189),männlich,10-14,5
2015,Sexuelle Nötigung (Art. 189),weiblich,10-14,21
2015,Sexuelle Nötigung (Art. 189),männlich,15-17,1
2015,Sexuelle Nötigung (Art. 189),weiblich,15-17,10
2015,Vergewaltigung (Art. 190),männlich,<10,0
2015,Vergewaltigung (Art. 190),weiblich,<10,1
2015,Vergewaltigung (Art. 190),männlich,10-14,0
2015,Vergewaltigung (Art. 190),weiblich,10-14,7
2015,Vergewaltigung (Art. 190),männlich,15-17,0
2015,Vergewaltigung (Art. 190),weiblich,15-17,7
2015,Schändung (Art. 191),männlich,<10,X
2015,Schändung (Art. 191),weiblich,<10,6
2015,Schändung (Art. 191),männlich,10-14,X
2015,Schändung (Art. 191),weiblich,10-14,1
2015,Schändung (Art. 191),männlich,15-17,X
2015,Schändung (Art. 191),weiblich,15-17,3
2015,Sexuelle Belästigungen (Art. 198),männlich,<10,X
2015,Sexuelle Belästigungen (Art. 198),weiblich,<10,1
2015,Sexuelle Belästigungen (Art. 198),männlich,10-14,X
2015,Sexuelle Belästigungen (Art. 198),weiblich,10-14,4
2015,Sexuelle Belästigungen (Art. 198),männlich,15-17,X
2015,Sexuelle Belästigungen (Art. 198),weiblich,15-17,6
2015,übrige Art. StGB3),männlich,<10,2
2015,übrige Art. StGB3),weiblich,<10,2
2015,übrige Art. StGB3),männlich,10-14,0
2015,übrige Art. StGB3),weiblich,10-14,0
2015,übrige Art. StGB3),männlich,15-17,1
2015,übrige Art. StGB3),weiblich,15-17,1
